Effectiveness,Extendibility,Flexibility,Functionality,Reusability,Understandability,Entities
-1.0,-1.0,-1.0,-0.9999999999999999,-1.0,0.99,org.eclipse.mylyn.context.core.AbstractContextStore
-1.0,-1.0,-1.0,-0.9999999999999999,-1.0,0.99,org.eclipse.mylyn.context.core.AbstractContextStructureBridge
-1.0,-1.0,-1.0,-0.9999999999999999,-1.0,0.99,org.eclipse.mylyn.context.core.AbstractRelationProvider
-1.0,-1.0,-1.0,-0.9999999999999999,-1.0,0.99,org.eclipse.mylyn.context.core.ContextCorePlugin
-1.0,-1.0,-1.0,-0.9999999999999999,-1.0,0.99,org.eclipse.mylyn.context.core.IContextStoreListener
-1.0,-1.0,-1.0,-0.9999999999999999,-1.0,0.99,org.eclipse.mylyn.context.core.IDegreeOfInterest
-1.0,-1.0,-1.0,-0.9999999999999999,-1.0,0.99,org.eclipse.mylyn.context.core.IDegreeOfSeparation
-1.0,-1.0,-1.0,-0.9999999999999999,-1.0,0.99,org.eclipse.mylyn.context.core.IImplicitlyIntersting
-1.0,-1.0,-1.0,-0.9999999999999999,-1.0,0.99,org.eclipse.mylyn.context.core.IInteractionContext
-1.0,-1.0,-1.0,-0.9999999999999999,-1.0,0.99,org.eclipse.mylyn.context.core.IInteractionContextListener
-1.0,-1.0,-1.0,-0.9999999999999999,-1.0,0.99,org.eclipse.mylyn.context.core.IInteractionContextReader
-1.0,-1.0,-1.0,-0.9999999999999999,-1.0,0.99,org.eclipse.mylyn.context.core.IInteractionContextWriter
-1.0,-1.0,-1.0,-0.9999999999999999,-1.0,0.99,org.eclipse.mylyn.context.core.IInteractionElement
-1.0,-1.0,-1.0,-0.9999999999999999,-1.0,0.99,org.eclipse.mylyn.context.core.IInteractionObject
-1.0,-1.0,-1.0,-0.9999999999999999,-1.0,0.99,org.eclipse.mylyn.context.core.IInteractionRelation
-1.0,-1.0,-1.0,-0.9999999999999999,-1.0,0.99,org.eclipse.mylyn.context.core.InterestComparator
-1.0,-1.0,-1.0,-0.9999999999999999,-1.0,0.99,org.eclipse.mylyn.context.ui.AbstractAutoFocusViewAction
-1.0,-1.0,-1.0,-0.9999999999999999,-1.0,0.99,org.eclipse.mylyn.context.ui.AbstractContextUiBridge
-1.0,-1.0,-1.0,-0.9999999999999999,-1.0,0.99,org.eclipse.mylyn.context.ui.AbstractFocusViewAction
-1.0,-1.0,-1.0,-0.9999999999999999,-1.0,0.99,org.eclipse.mylyn.context.ui.ContextUiPlugin
-1.0,-1.0,-1.0,-0.9999999999999999,-1.0,0.99,org.eclipse.mylyn.context.ui.InterestFilter
-1.0,-1.0,-1.0,-0.9999999999999999,-1.0,0.99,org.eclipse.mylyn.context.ui.InterestSorter
-1.0,-1.0,-1.0,-0.9999999999999999,-1.0,0.99,org.eclipse.mylyn.internal.bugzilla.core.AbstractReportFactory
-1.0,-1.0,-1.0,-0.9999999999999999,-1.0,0.99,org.eclipse.mylyn.internal.bugzilla.core.AttachmentPartSource
-1.0,-1.0,-1.0,-0.9999999999999999,-1.0,0.99,org.eclipse.mylyn.internal.bugzilla.core.BugzillaAttachmentHandler
-1.0,-1.0,-1.0,-0.9999999999999999,-1.0,0.99,org.eclipse.mylyn.internal.bugzilla.core.BugzillaAttributeFactory
-1.0,-1.0,-1.0,-0.9999999999999999,-1.0,0.99,org.eclipse.mylyn.internal.bugzilla.core.BugzillaClient
-1.0,-1.0,-1.0,-0.9999999999999999,-1.0,0.99,org.eclipse.mylyn.internal.bugzilla.core.BugzillaClientFactory
-1.0,-1.0,-1.0,-0.9999999999999999,-1.0,0.99,org.eclipse.mylyn.internal.bugzilla.core.BugzillaClientManager
-1.0,-1.0,-1.0,-0.9999999999999999,-1.0,0.99,org.eclipse.mylyn.internal.bugzilla.core.BugzillaCorePlugin
-1.0,-1.0,-1.0,-0.9999999999999999,-1.0,0.99,org.eclipse.mylyn.internal.bugzilla.core.BugzillaMessages
-1.0,-1.0,-1.0,-0.9999999999999999,-1.0,0.99,org.eclipse.mylyn.internal.bugzilla.core.BugzillaReportElement
-1.0,-1.0,-1.0,-0.9999999999999999,-1.0,0.99,org.eclipse.mylyn.internal.bugzilla.core.BugzillaRepositoryConnector
-1.0,-1.0,-1.0,-0.9999999999999999,-1.0,0.99,org.eclipse.mylyn.internal.bugzilla.core.BugzillaRepositoryQuery
-1.0,-1.0,-1.0,-0.9999999999999999,-1.0,0.99,org.eclipse.mylyn.internal.bugzilla.core.BugzillaStatus
-1.0,-1.0,-1.0,-0.9999999999999999,-1.0,0.99,org.eclipse.mylyn.internal.bugzilla.core.BugzillaTask
-1.0,-1.0,-1.0,-0.9999999999999999,-1.0,0.99,org.eclipse.mylyn.internal.bugzilla.core.BugzillaTaskDataHandler
-1.0,-1.0,-1.0,-0.9999999999999999,-1.0,0.99,org.eclipse.mylyn.internal.bugzilla.core.IBugzillaConstants
-1.0,-1.0,-1.0,-0.9999999999999999,-1.0,0.99,org.eclipse.mylyn.internal.bugzilla.core.MultiBugReportFactory
-1.0,-1.0,-1.0,-0.9999999999999999,-1.0,0.99,org.eclipse.mylyn.internal.bugzilla.core.RepositoryConfiguration
-1.0,-1.0,-1.0,-0.9999999999999999,-1.0,0.99,org.eclipse.mylyn.internal.bugzilla.core.RepositoryConfigurationFactory
-1.0,-1.0,-1.0,-0.9999999999999999,-1.0,0.99,org.eclipse.mylyn.internal.bugzilla.core.RepositoryQueryResultsFactory
-1.0,-1.0,-1.0,-0.9999999999999999,-1.0,0.99,org.eclipse.mylyn.internal.bugzilla.core.RepositoryReportFactory
-1.0,-1.0,-1.0,-0.9999999999999999,-1.0,0.99,org.eclipse.mylyn.internal.bugzilla.core.SaxBugReportContentHandler
-1.0,-1.0,-1.0,-0.9999999999999999,-1.0,0.99,org.eclipse.mylyn.internal.bugzilla.core.SaxBugzillaQueryContentHandler
-1.0,-1.0,-1.0,-0.9999999999999999,-1.0,0.99,org.eclipse.mylyn.internal.bugzilla.core.SaxConfigurationContentHandler
-1.0,-1.0,-1.0,-0.9999999999999999,-1.0,0.99,org.eclipse.mylyn.internal.bugzilla.core.SaxMultiBugReportContentHandler
-1.0,-1.0,-1.0,-0.9999999999999999,-1.0,0.99,org.eclipse.mylyn.internal.bugzilla.core.UnrecognizedReponseException
-1.0,-1.0,-1.0,-0.9999999999999999,-1.0,0.99,org.eclipse.mylyn.internal.bugzilla.core.XmlCleaner
-1.0,-1.0,-1.0,-0.9999999999999999,-1.0,0.99,org.eclipse.mylyn.internal.bugzilla.core.history.AssignmentEvent
-1.0,-1.0,-1.0,-0.9999999999999999,-1.0,0.99,org.eclipse.mylyn.internal.bugzilla.core.history.AttachmentEvent
-1.0,-1.0,-1.0,-0.9999999999999999,-1.0,0.99,org.eclipse.mylyn.internal.bugzilla.core.history.AttachmentFlag
-1.0,-1.0,-1.0,-0.9999999999999999,-1.0,0.99,org.eclipse.mylyn.internal.bugzilla.core.history.AttachmentFlagState
-1.0,-1.0,-1.0,-0.9999999999999999,-1.0,0.99,org.eclipse.mylyn.internal.bugzilla.core.history.AttachmentFlagStatus
-1.0,-1.0,-1.0,-0.9999999999999999,-1.0,0.99,org.eclipse.mylyn.internal.bugzilla.core.history.BugzillaTaskHistoryParser
-1.0,-1.0,-1.0,-0.9999999999999999,-1.0,0.99,org.eclipse.mylyn.internal.bugzilla.core.history.ResolutionEvent
-1.0,-1.0,-1.0,-0.9999999999999999,-1.0,0.99,org.eclipse.mylyn.internal.bugzilla.core.history.ResolutionType
-1.0,-1.0,-1.0,-0.9999999999999999,-1.0,0.99,org.eclipse.mylyn.internal.bugzilla.core.history.StatusEvent
-1.0,-1.0,-1.0,-0.9999999999999999,-1.0,0.99,org.eclipse.mylyn.internal.bugzilla.core.history.StatusType
-1.0,-1.0,-1.0,-0.9999999999999999,-1.0,0.99,org.eclipse.mylyn.internal.bugzilla.core.history.TaskHistory
-1.0,-1.0,-1.0,-0.9999999999999999,-1.0,0.99,org.eclipse.mylyn.internal.bugzilla.core.history.TaskRevision
-1.0,-1.0,-1.0,-0.9999999999999999,-1.0,0.99,org.eclipse.mylyn.internal.bugzilla.ide.StackTraceDuplicateDetector
-1.0,-1.0,-1.0,-0.9999999999999999,-1.0,0.99,org.eclipse.mylyn.internal.bugzilla.ide.actions.NewTaskFromErrorAction
-1.0,-1.0,-1.0,-0.9999999999999999,-1.0,0.99,org.eclipse.mylyn.internal.bugzilla.ui.BugzillaAuthenticator
-1.0,-1.0,-1.0,-0.9999999999999999,-1.0,0.99,org.eclipse.mylyn.internal.bugzilla.ui.BugzillaCompareInput
-1.0,-1.0,-1.0,-0.9999999999999999,-1.0,0.99,org.eclipse.mylyn.internal.bugzilla.ui.BugzillaCompareNode
-1.0,-1.0,-1.0,-0.9999999999999999,-1.0,0.99,org.eclipse.mylyn.internal.bugzilla.ui.BugzillaCompareStructureCreator
-1.0,-1.0,-1.0,-0.9999999999999999,-1.0,0.99,org.eclipse.mylyn.internal.bugzilla.ui.BugzillaImages
-1.0,-1.0,-1.0,-0.9999999999999999,-1.0,0.99,org.eclipse.mylyn.internal.bugzilla.ui.BugzillaUiPlugin
-1.0,-1.0,-1.0,-0.9999999999999999,-1.0,0.99,org.eclipse.mylyn.internal.bugzilla.ui.editor.BugzillaTaskEditor
-1.0,-1.0,-1.0,-0.9999999999999999,-1.0,0.99,org.eclipse.mylyn.internal.bugzilla.ui.editor.DummySearchHitProvider
-1.0,-1.0,-1.0,-0.9999999999999999,-1.0,0.99,org.eclipse.mylyn.internal.bugzilla.ui.editor.NewBugzillaTaskEditor
-1.0,-1.0,-1.0,-0.9999999999999999,-1.0,0.99,org.eclipse.mylyn.internal.bugzilla.ui.search.BugzillaSearchPage
-1.0,-1.0,-1.0,-0.9999999999999999,-1.0,0.99,org.eclipse.mylyn.internal.bugzilla.ui.search.BugzillaSeveritySearchSorter
-1.0,-1.0,-1.0,-0.9999999999999999,-1.0,0.99,org.eclipse.mylyn.internal.bugzilla.ui.search.BugzillaStateSearchSorter
-1.0,-1.0,-1.0,-0.9999999999999999,-1.0,0.99,org.eclipse.mylyn.internal.bugzilla.ui.search.IBugzillaResultEditorMatchAdapter
-1.0,-1.0,-1.0,-0.9999999999999999,-1.0,0.99,org.eclipse.mylyn.internal.bugzilla.ui.tasklist.BugzillaConnectorUi
-1.0,-1.0,-1.0,-0.9999999999999999,-1.0,0.99,org.eclipse.mylyn.internal.bugzilla.ui.tasklist.BugzillaCustomQueryDialog
-1.0,-1.0,-1.0,-0.9999999999999999,-1.0,0.99,org.eclipse.mylyn.internal.bugzilla.ui.tasklist.BugzillaCustomQueryWizardPage
-1.0,-1.0,-1.0,-0.9999999999999999,-1.0,0.99,org.eclipse.mylyn.internal.bugzilla.ui.tasklist.BugzillaQueryTypeWizardPage
-1.0,-1.0,-1.0,-0.9999999999999999,-1.0,0.99,org.eclipse.mylyn.internal.bugzilla.ui.tasklist.BugzillaRepositorySettingsPage
-1.0,-1.0,-1.0,-0.9999999999999999,-1.0,0.99,org.eclipse.mylyn.internal.bugzilla.ui.tasklist.BugzillaTaskEditorFactory
-1.0,-1.0,-1.0,-0.9999999999999999,-1.0,0.99,org.eclipse.mylyn.internal.bugzilla.ui.tasklist.BugzillaTaskEditorInput
-1.0,-1.0,-1.0,-0.9999999999999999,-1.0,0.99,org.eclipse.mylyn.internal.bugzilla.ui.tasklist.BugzillaTaskListFactory
-1.0,-1.0,-1.0,-0.9999999999999999,-1.0,0.99,org.eclipse.mylyn.internal.bugzilla.ui.tasklist.EditBugzillaQueryWizard
-1.0,-1.0,-1.0,-0.9999999999999999,-1.0,0.99,org.eclipse.mylyn.internal.bugzilla.ui.tasklist.NewBugzillaQueryWizard
-1.0,-1.0,-1.0,-0.9999999999999999,-1.0,0.99,org.eclipse.mylyn.internal.bugzilla.ui.tasklist.StackTrace
-1.0,-1.0,-1.0,-0.9999999999999999,-1.0,0.99,org.eclipse.mylyn.internal.bugzilla.ui.wizard.BugzillaProductPage
-1.0,-1.0,-1.0,-0.9999999999999999,-1.0,0.99,org.eclipse.mylyn.internal.bugzilla.ui.wizard.NewBugzillaTaskWizard
-1.0,-1.0,-1.0,-0.9999999999999999,-1.0,0.99,org.eclipse.mylyn.internal.compatibility.JavaRuntimeVersionChecker
-1.0,-1.0,-1.0,-0.9999999999999999,-1.0,0.99,org.eclipse.mylyn.internal.context.core.CompositeContextElement
-1.0,-1.0,-1.0,-0.9999999999999999,-1.0,0.99,org.eclipse.mylyn.internal.context.core.CompositeDegreeOfInterest
-1.0,-1.0,-1.0,-0.9999999999999999,-1.0,0.99,org.eclipse.mylyn.internal.context.core.CompositeInteractionContext
-1.0,-1.0,-1.0,-0.9999999999999999,-1.0,0.99,org.eclipse.mylyn.internal.context.core.ContextPreferenceContstants
-1.0,-1.0,-1.0,-0.9999999999999999,-1.0,0.99,org.eclipse.mylyn.internal.context.core.DegreeOfInterest
-1.0,-1.0,-1.0,-0.9999999999999999,-1.0,0.99,org.eclipse.mylyn.internal.context.core.DegreeOfSeparation
-1.0,-1.0,-1.0,-0.9999999999999999,-1.0,0.99,org.eclipse.mylyn.internal.context.core.IActiveSearchListener
-1.0,-1.0,-1.0,-0.9999999999999999,-1.0,0.99,org.eclipse.mylyn.internal.context.core.IActiveSearchOperation
-1.0,-1.0,-1.0,-0.9999999999999999,-1.0,0.99,org.eclipse.mylyn.internal.context.core.InteractionContext
-1.0,-1.0,-1.0,-0.9999999999999999,-1.0,0.99,org.eclipse.mylyn.internal.context.core.InteractionContextElement
-1.0,-1.0,-1.0,-0.9999999999999999,-1.0,0.99,org.eclipse.mylyn.internal.context.core.InteractionContextExternalizer
-1.0,-1.0,-1.0,-0.9999999999999999,-1.0,0.99,org.eclipse.mylyn.internal.context.core.InteractionContextManager
-1.0,-1.0,-1.0,-0.9999999999999999,-1.0,0.99,org.eclipse.mylyn.internal.context.core.InteractionContextRelation
-1.0,-1.0,-1.0,-0.9999999999999999,-1.0,0.99,org.eclipse.mylyn.internal.context.core.SaxContextContentHandler
-1.0,-1.0,-1.0,-0.9999999999999999,-1.0,0.99,org.eclipse.mylyn.internal.context.core.SaxContextReader
-1.0,-1.0,-1.0,-0.9999999999999999,-1.0,0.99,org.eclipse.mylyn.internal.context.core.SaxContextWriter
-1.0,-1.0,-1.0,-0.9999999999999999,-1.0,0.99,org.eclipse.mylyn.internal.context.core.ScalingFactor
-1.0,-1.0,-1.0,-0.9999999999999999,-1.0,0.99,org.eclipse.mylyn.internal.context.core.ScalingFactors
-1.0,-1.0,-1.0,-0.9999999999999999,-1.0,0.99,org.eclipse.mylyn.internal.context.ui.AbstractContextLabelProvider
-1.0,-1.0,-1.0,-0.9999999999999999,-1.0,0.99,org.eclipse.mylyn.internal.context.ui.ActiveSearchViewTracker
-1.0,-1.0,-1.0,-0.9999999999999999,-1.0,0.99,org.eclipse.mylyn.internal.context.ui.ActiveViewSelectionDragAdapter
-1.0,-1.0,-1.0,-0.9999999999999999,-1.0,0.99,org.eclipse.mylyn.internal.context.ui.BrowseFilteredListener
-1.0,-1.0,-1.0,-0.9999999999999999,-1.0,0.99,org.eclipse.mylyn.internal.context.ui.ColorCoordinatesChange
-1.0,-1.0,-1.0,-0.9999999999999999,-1.0,0.99,org.eclipse.mylyn.internal.context.ui.ColorMap
-1.0,-1.0,-1.0,-0.9999999999999999,-1.0,0.99,org.eclipse.mylyn.internal.context.ui.ContentOutlineManager
-1.0,-1.0,-1.0,-0.9999999999999999,-1.0,0.99,org.eclipse.mylyn.internal.context.ui.ContextPerspectiveManager
-1.0,-1.0,-1.0,-0.9999999999999999,-1.0,0.99,org.eclipse.mylyn.internal.context.ui.ContextUiImages
-1.0,-1.0,-1.0,-0.9999999999999999,-1.0,0.99,org.eclipse.mylyn.internal.context.ui.ContextUiPrefContstants
-1.0,-1.0,-1.0,-0.9999999999999999,-1.0,0.99,org.eclipse.mylyn.internal.context.ui.DoiOrderSorter
-1.0,-1.0,-1.0,-0.9999999999999999,-1.0,0.99,org.eclipse.mylyn.internal.context.ui.FocusedViewerManager
-1.0,-1.0,-1.0,-0.9999999999999999,-1.0,0.99,org.eclipse.mylyn.internal.context.ui.Highlighter
-1.0,-1.0,-1.0,-0.9999999999999999,-1.0,0.99,org.eclipse.mylyn.internal.context.ui.HighlighterImageDescriptor
-1.0,-1.0,-1.0,-0.9999999999999999,-1.0,0.99,org.eclipse.mylyn.internal.context.ui.HighlighterList
-1.0,-1.0,-1.0,-0.9999999999999999,-1.0,0.99,org.eclipse.mylyn.internal.context.ui.InterestDecorator
-1.0,-1.0,-1.0,-0.9999999999999999,-1.0,0.99,org.eclipse.mylyn.internal.context.ui.InterestDecoratorLightweight
-1.0,-1.0,-1.0,-0.9999999999999999,-1.0,0.99,org.eclipse.mylyn.internal.context.ui.TaskContextWorkingSetManager
-1.0,-1.0,-1.0,-0.9999999999999999,-1.0,0.99,org.eclipse.mylyn.internal.context.ui.TaskContextWorkingSetPage
-1.0,-1.0,-1.0,-0.9999999999999999,-1.0,0.99,org.eclipse.mylyn.internal.context.ui.TaskHighlighterMenuContributor
-1.0,-1.0,-1.0,-0.9999999999999999,-1.0,0.99,org.eclipse.mylyn.internal.context.ui.TaskListInterestFilter
-1.0,-1.0,-1.0,-0.9999999999999999,-1.0,0.99,org.eclipse.mylyn.internal.context.ui.TaskListInterestSorter
-1.0,-1.0,-1.0,-0.9999999999999999,-1.0,0.99,org.eclipse.mylyn.internal.context.ui.TaskStructureBridge
-1.0,-1.0,-1.0,-0.9999999999999999,-1.0,0.99,org.eclipse.mylyn.internal.context.ui.TaskUiBridge
-1.0,-1.0,-1.0,-0.9999999999999999,-1.0,0.99,org.eclipse.mylyn.internal.context.ui.UiUtil
-1.0,-1.0,-1.0,-0.9999999999999999,-1.0,0.99,org.eclipse.mylyn.internal.context.ui.actions.AbstractInterestManipulationAction
-1.0,-1.0,-1.0,-0.9999999999999999,-1.0,0.99,org.eclipse.mylyn.internal.context.ui.actions.ContextActiveActionFilter
-1.0,-1.0,-1.0,-0.9999999999999999,-1.0,0.99,org.eclipse.mylyn.internal.context.ui.actions.ContextAttachAction
-1.0,-1.0,-1.0,-0.9999999999999999,-1.0,0.99,org.eclipse.mylyn.internal.context.ui.actions.ContextClearAction
-1.0,-1.0,-1.0,-0.9999999999999999,-1.0,0.99,org.eclipse.mylyn.internal.context.ui.actions.ContextCopyAction
-1.0,-1.0,-1.0,-0.9999999999999999,-1.0,0.99,org.eclipse.mylyn.internal.context.ui.actions.ContextMenuContributor
-1.0,-1.0,-1.0,-0.9999999999999999,-1.0,0.99,org.eclipse.mylyn.internal.context.ui.actions.ContextRetrieveAction
-1.0,-1.0,-1.0,-0.9999999999999999,-1.0,0.99,org.eclipse.mylyn.internal.context.ui.actions.EditHighlightersAction
-1.0,-1.0,-1.0,-0.9999999999999999,-1.0,0.99,org.eclipse.mylyn.internal.context.ui.actions.FocusOutlineAction
-1.0,-1.0,-1.0,-0.9999999999999999,-1.0,0.99,org.eclipse.mylyn.internal.context.ui.actions.FocusTaskListAction
-1.0,-1.0,-1.0,-0.9999999999999999,-1.0,0.99,org.eclipse.mylyn.internal.context.ui.actions.InterestDecrementAction
-1.0,-1.0,-1.0,-0.9999999999999999,-1.0,0.99,org.eclipse.mylyn.internal.context.ui.actions.InterestIncrementAction
-1.0,-1.0,-1.0,-0.9999999999999999,-1.0,0.99,org.eclipse.mylyn.internal.context.ui.actions.LinkActiveSearchWithEditorAction
-1.0,-1.0,-1.0,-0.9999999999999999,-1.0,0.99,org.eclipse.mylyn.internal.context.ui.actions.OpenPrefsAction
-1.0,-1.0,-1.0,-0.9999999999999999,-1.0,0.99,org.eclipse.mylyn.internal.context.ui.actions.OpenQuickContextPopupDialogAction
-1.0,-1.0,-1.0,-0.9999999999999999,-1.0,0.99,org.eclipse.mylyn.internal.context.ui.actions.ShowQualifiedNamesAction
-1.0,-1.0,-1.0,-0.9999999999999999,-1.0,0.99,org.eclipse.mylyn.internal.context.ui.actions.TaskContextAction
-1.0,-1.0,-1.0,-0.9999999999999999,-1.0,0.99,org.eclipse.mylyn.internal.context.ui.actions.ToggleDecorateInterestLevelAction
-1.0,-1.0,-1.0,-0.9999999999999999,-1.0,0.99,org.eclipse.mylyn.internal.context.ui.actions.ToggleRelationshipProviderAction
-1.0,-1.0,-1.0,-0.9999999999999999,-1.0,0.99,org.eclipse.mylyn.internal.context.ui.commands.FocusViewHandler
-1.0,-1.0,-1.0,-0.9999999999999999,-1.0,0.99,org.eclipse.mylyn.internal.context.ui.editors.ContextEditorFactory
-1.0,-1.0,-1.0,-0.9999999999999999,-1.0,0.99,org.eclipse.mylyn.internal.context.ui.editors.ContextEditorFormPage
-1.0,-1.0,-1.0,-0.9999999999999999,-1.0,0.99,org.eclipse.mylyn.internal.context.ui.editors.ContextEditorInput
-1.0,-1.0,-1.0,-0.9999999999999999,-1.0,0.99,org.eclipse.mylyn.internal.context.ui.editors.ScalableInterestFilter
-1.0,-1.0,-1.0,-0.9999999999999999,-1.0,0.99,org.eclipse.mylyn.internal.context.ui.preferences.ContextUiPreferencePage
-1.0,-1.0,-1.0,-0.9999999999999999,-1.0,0.99,org.eclipse.mylyn.internal.context.ui.views.ActiveSearchQuickView
-1.0,-1.0,-1.0,-0.9999999999999999,-1.0,0.99,org.eclipse.mylyn.internal.context.ui.views.ActiveSearchView
-1.0,-1.0,-1.0,-0.9999999999999999,-1.0,0.99,org.eclipse.mylyn.internal.context.ui.views.ActiveViewDelegatingDragAdapter
-1.0,-1.0,-1.0,-0.9999999999999999,-1.0,0.99,org.eclipse.mylyn.internal.context.ui.views.ActiveViewDropAdapter
-1.0,-1.0,-1.0,-0.9999999999999999,-1.0,0.99,org.eclipse.mylyn.internal.context.ui.views.CommonNavigatorFilterBar
-1.0,-1.0,-1.0,-0.9999999999999999,-1.0,0.99,org.eclipse.mylyn.internal.context.ui.views.CommonNavigatorPatternFilter
-1.0,-1.0,-1.0,-0.9999999999999999,-1.0,0.99,org.eclipse.mylyn.internal.context.ui.views.ContextContentProvider
-1.0,-1.0,-1.0,-0.9999999999999999,-1.0,0.99,org.eclipse.mylyn.internal.context.ui.views.ContextNodeOpenListener
-1.0,-1.0,-1.0,-0.9999999999999999,-1.0,0.99,org.eclipse.mylyn.internal.context.ui.views.DelegatingContextLabelProvider
-1.0,-1.0,-1.0,-0.9999999999999999,-1.0,0.99,org.eclipse.mylyn.internal.context.ui.views.QuickContextPopupDialog
-1.0,-1.0,-1.0,-0.9999999999999999,-1.0,0.99,org.eclipse.mylyn.internal.context.ui.views.QuickOutlinePatternAndInterestFilter
-1.0,-1.0,-1.0,-0.9999999999999999,-1.0,0.99,org.eclipse.mylyn.internal.help.ui.actions.ShowMylynLegendAction
-1.0,-1.0,-1.0,-0.9999999999999999,-1.0,0.99,org.eclipse.mylyn.internal.help.ui.dialogs.UiLegendDialog
-1.0,-1.0,-1.0,-0.9999999999999999,-1.0,0.99,org.eclipse.mylyn.internal.ide.ant.AntContextLabelProvider
-1.0,-1.0,-1.0,-0.9999999999999999,-1.0,0.99,org.eclipse.mylyn.internal.ide.ant.AntEditingMonitor
-1.0,-1.0,-1.0,-0.9999999999999999,-1.0,0.99,org.eclipse.mylyn.internal.ide.ant.AntStructureBridge
-1.0,-1.0,-1.0,-0.9999999999999999,-1.0,0.99,org.eclipse.mylyn.internal.ide.ant.AntUiBridge
-1.0,-1.0,-1.0,-0.9999999999999999,-1.0,0.99,org.eclipse.mylyn.internal.ide.ant.AntUiBridgePlugin
-1.0,-1.0,-1.0,-0.9999999999999999,-1.0,0.99,org.eclipse.mylyn.internal.ide.ui.IdeUiBridgePlugin
-1.0,-1.0,-1.0,-0.9999999999999999,-1.0,0.99,org.eclipse.mylyn.internal.ide.ui.IdeUiUtil
-1.0,-1.0,-1.0,-0.9999999999999999,-1.0,0.99,org.eclipse.mylyn.internal.ide.ui.MarkerInterestFilter
-1.0,-1.0,-1.0,-0.9999999999999999,-1.0,0.99,org.eclipse.mylyn.internal.ide.ui.MarkerViewLabelProvider
-1.0,-1.0,-1.0,-0.9999999999999999,-1.0,0.99,org.eclipse.mylyn.internal.ide.ui.MarkerViewerInterestSorter
-1.0,-1.0,-1.0,-0.9999999999999999,-1.0,0.99,org.eclipse.mylyn.internal.ide.ui.actions.AbstractFocusMarkerViewAction
-1.0,-1.0,-1.0,-0.9999999999999999,-1.0,0.99,org.eclipse.mylyn.internal.ide.ui.actions.FocusProblemsListAction
-1.0,-1.0,-1.0,-0.9999999999999999,-1.0,0.99,org.eclipse.mylyn.internal.ide.ui.actions.FocusProjectExplorerAction
-1.0,-1.0,-1.0,-0.9999999999999999,-1.0,0.99,org.eclipse.mylyn.internal.ide.ui.actions.FocusResourceNavigatorAction
-1.0,-1.0,-1.0,-0.9999999999999999,-1.0,0.99,org.eclipse.mylyn.internal.ide.ui.actions.FocusTaskMarkersViewAction
-1.0,-1.0,-1.0,-0.9999999999999999,-1.0,0.99,org.eclipse.mylyn.internal.ide.ui.actions.OpenRelatedElementsQuickView
-1.0,-1.0,-1.0,-0.9999999999999999,-1.0,0.99,org.eclipse.mylyn.internal.ide.xml.XmlNodeHelper
-1.0,-1.0,-1.0,-0.9999999999999999,-1.0,0.99,org.eclipse.mylyn.internal.java.ui.ActiveFoldingEditorTracker
-1.0,-1.0,-1.0,-0.9999999999999999,-1.0,0.99,org.eclipse.mylyn.internal.java.ui.InterestInducingProblemListener
-1.0,-1.0,-1.0,-0.9999999999999999,-1.0,0.99,org.eclipse.mylyn.internal.java.ui.InterestUpdateDeltaListener
-1.0,-1.0,-1.0,-0.9999999999999999,-1.0,0.99,org.eclipse.mylyn.internal.java.ui.JavaContextLabelProvider
-1.0,-1.0,-1.0,-0.9999999999999999,-1.0,0.99,org.eclipse.mylyn.internal.java.ui.JavaDebugStructureBridge
-1.0,-1.0,-1.0,-0.9999999999999999,-1.0,0.99,org.eclipse.mylyn.internal.java.ui.JavaDeclarationsFilter
-1.0,-1.0,-1.0,-0.9999999999999999,-1.0,0.99,org.eclipse.mylyn.internal.java.ui.JavaEditingMonitor
-1.0,-1.0,-1.0,-0.9999999999999999,-1.0,0.99,org.eclipse.mylyn.internal.java.ui.JavaStackTraceFileHyperlink
-1.0,-1.0,-1.0,-0.9999999999999999,-1.0,0.99,org.eclipse.mylyn.internal.java.ui.JavaStackTraceHyperlinkDetector
-1.0,-1.0,-1.0,-0.9999999999999999,-1.0,0.99,org.eclipse.mylyn.internal.java.ui.JavaStructureBridge
-1.0,-1.0,-1.0,-0.9999999999999999,-1.0,0.99,org.eclipse.mylyn.internal.java.ui.JavaUiBridge
-1.0,-1.0,-1.0,-0.9999999999999999,-1.0,0.99,org.eclipse.mylyn.internal.java.ui.JavaUiBridgePlugin
-1.0,-1.0,-1.0,-0.9999999999999999,-1.0,0.99,org.eclipse.mylyn.internal.java.ui.JavaUiUtil
-1.0,-1.0,-1.0,-0.9999999999999999,-1.0,0.99,org.eclipse.mylyn.internal.java.ui.LandmarkMarkerManager
-1.0,-1.0,-1.0,-0.9999999999999999,-1.0,0.99,org.eclipse.mylyn.internal.java.ui.TypeHistoryManager
-1.0,-1.0,-1.0,-0.9999999999999999,-1.0,0.99,org.eclipse.mylyn.internal.java.ui.actions.FilterMembersAction
-1.0,-1.0,-1.0,-0.9999999999999999,-1.0,0.99,org.eclipse.mylyn.internal.java.ui.actions.FindReferencesInContextAction
-1.0,-1.0,-1.0,-0.9999999999999999,-1.0,0.99,org.eclipse.mylyn.internal.java.ui.actions.FocusBrowsingPerspectiveAction
-1.0,-1.0,-1.0,-0.9999999999999999,-1.0,0.99,org.eclipse.mylyn.internal.java.ui.actions.FocusDebugViewAction
-1.0,-1.0,-1.0,-0.9999999999999999,-1.0,0.99,org.eclipse.mylyn.internal.java.ui.actions.FocusPackageExplorerAction
-1.0,-1.0,-1.0,-0.9999999999999999,-1.0,0.99,org.eclipse.mylyn.internal.java.ui.actions.ToggleActiveFoldingAction
-1.0,-1.0,-1.0,-0.9999999999999999,-1.0,0.99,org.eclipse.mylyn.internal.java.ui.editor.AbstractEditorHyperlinkDetector
-1.0,-1.0,-1.0,-0.9999999999999999,-1.0,0.99,org.eclipse.mylyn.internal.java.ui.editor.ActiveFoldingListener
-1.0,-1.0,-1.0,-0.9999999999999999,-1.0,0.99,org.eclipse.mylyn.internal.java.ui.editor.AutoFoldPreferenceBlock
-1.0,-1.0,-1.0,-0.9999999999999999,-1.0,0.99,org.eclipse.mylyn.internal.java.ui.editor.FocusedCompilationUnitEditor
-1.0,-1.0,-1.0,-0.9999999999999999,-1.0,0.99,org.eclipse.mylyn.internal.java.ui.editor.FocusedJavaNoTypeProposalComputer
-1.0,-1.0,-1.0,-0.9999999999999999,-1.0,0.99,org.eclipse.mylyn.internal.java.ui.editor.FocusedJavaProposalProcessor
-1.0,-1.0,-1.0,-0.9999999999999999,-1.0,0.99,org.eclipse.mylyn.internal.java.ui.editor.FocusedJavaSourceViewerConfiguration
-1.0,-1.0,-1.0,-0.9999999999999999,-1.0,0.99,org.eclipse.mylyn.internal.java.ui.editor.FocusedJavaTypeProposalComputer
-1.0,-1.0,-1.0,-0.9999999999999999,-1.0,0.99,org.eclipse.mylyn.internal.java.ui.junit.InteractionContextTestUtil
-1.0,-1.0,-1.0,-0.9999999999999999,-1.0,0.99,org.eclipse.mylyn.internal.java.ui.junit.TaskContextJUnitLaunchConfiguration
-1.0,-1.0,-1.0,-0.9999999999999999,-1.0,0.99,org.eclipse.mylyn.internal.java.ui.junit.TaskContextJUnitMainTab
-1.0,-1.0,-1.0,-0.9999999999999999,-1.0,0.99,org.eclipse.mylyn.internal.java.ui.junit.TaskContextJUnitTabGroup
-1.0,-1.0,-1.0,-0.9999999999999999,-1.0,0.99,org.eclipse.mylyn.internal.java.ui.search.AbstractJavaRelationProvider
-1.0,-1.0,-1.0,-0.9999999999999999,-1.0,0.99,org.eclipse.mylyn.internal.java.ui.search.JUnitReferencesProvider
-1.0,-1.0,-1.0,-0.9999999999999999,-1.0,0.99,org.eclipse.mylyn.internal.java.ui.search.JavaActiveSearchResultUpdater
-1.0,-1.0,-1.0,-0.9999999999999999,-1.0,0.99,org.eclipse.mylyn.internal.java.ui.search.JavaImplementorsProvider
-1.0,-1.0,-1.0,-0.9999999999999999,-1.0,0.99,org.eclipse.mylyn.internal.java.ui.search.JavaReadAccessProvider
-1.0,-1.0,-1.0,-0.9999999999999999,-1.0,0.99,org.eclipse.mylyn.internal.java.ui.search.JavaReferencesProvider
-1.0,-1.0,-1.0,-0.9999999999999999,-1.0,0.99,org.eclipse.mylyn.internal.java.ui.search.JavaWriteAccessProvider
-1.0,-1.0,-1.0,-0.9999999999999999,-1.0,0.99,org.eclipse.mylyn.internal.java.ui.search.XmlActiveSearchUpdater
-1.0,-1.0,-1.0,-0.9999999999999999,-1.0,0.99,org.eclipse.mylyn.internal.java.ui.views.ActiveHierarchyView
-1.0,-1.0,-1.0,-0.9999999999999999,-1.0,0.99,org.eclipse.mylyn.internal.java.ui.views.TreeParent
-1.0,-1.0,-1.0,-0.9999999999999999,-1.0,0.99,org.eclipse.mylyn.internal.java.ui.wizards.RecommendedPreferencesWizard
-1.0,-1.0,-1.0,-0.9999999999999999,-1.0,0.99,org.eclipse.mylyn.internal.java.ui.wizards.RecommendedPreferencesWizardPage
-1.0,-1.0,-1.0,-0.9999999999999999,-1.0,0.99,org.eclipse.mylyn.internal.monitor.core.collection.CommandUsageCollector
-1.0,-1.0,-1.0,-0.9999999999999999,-1.0,0.99,org.eclipse.mylyn.internal.monitor.core.collection.DataOverviewCollector
-1.0,-1.0,-1.0,-0.9999999999999999,-1.0,0.99,org.eclipse.mylyn.internal.monitor.core.collection.DelegatingUsageCollector
-1.0,-1.0,-1.0,-0.9999999999999999,-1.0,0.99,org.eclipse.mylyn.internal.monitor.core.collection.IUsageCollector
-1.0,-1.0,-1.0,-0.9999999999999999,-1.0,0.99,org.eclipse.mylyn.internal.monitor.core.collection.IUsageScanner
-1.0,-1.0,-1.0,-0.9999999999999999,-1.0,0.99,org.eclipse.mylyn.internal.monitor.core.collection.InteractionByTypeSummary
-1.0,-1.0,-1.0,-0.9999999999999999,-1.0,0.99,org.eclipse.mylyn.internal.monitor.core.collection.InteractionEventClassifier
-1.0,-1.0,-1.0,-0.9999999999999999,-1.0,0.99,org.eclipse.mylyn.internal.monitor.core.collection.InteractionEventComparator
-1.0,-1.0,-1.0,-0.9999999999999999,-1.0,0.99,org.eclipse.mylyn.internal.monitor.core.collection.InteractionEventSummary
-1.0,-1.0,-1.0,-0.9999999999999999,-1.0,0.99,org.eclipse.mylyn.internal.monitor.core.collection.InteractionEventUtil
-1.0,-1.0,-1.0,-0.9999999999999999,-1.0,0.99,org.eclipse.mylyn.internal.monitor.core.collection.PercentUsageComparator
-1.0,-1.0,-1.0,-0.9999999999999999,-1.0,0.99,org.eclipse.mylyn.internal.monitor.core.collection.SummaryCollector
-1.0,-1.0,-1.0,-0.9999999999999999,-1.0,0.99,org.eclipse.mylyn.internal.monitor.core.collection.ViewUsageCollector
-1.0,-1.0,-1.0,-0.9999999999999999,-1.0,0.99,org.eclipse.mylyn.internal.monitor.core.util.IStatusHandler
-1.0,-1.0,-1.0,-0.9999999999999999,-1.0,0.99,org.eclipse.mylyn.internal.monitor.core.util.XmlStringConverter
-1.0,-1.0,-1.0,-0.9999999999999999,-1.0,0.99,org.eclipse.mylyn.internal.monitor.core.util.ZipFileUtil
-1.0,-1.0,-1.0,-0.9999999999999999,-1.0,0.99,org.eclipse.mylyn.internal.monitor.ui.ActionExecutionMonitor
-1.0,-1.0,-1.0,-0.9999999999999999,-1.0,0.99,org.eclipse.mylyn.internal.monitor.ui.ActivityChangeMonitor
-1.0,-1.0,-1.0,-0.9999999999999999,-1.0,0.99,org.eclipse.mylyn.internal.monitor.ui.ActivityContextManager
-1.0,-1.0,-1.0,-0.9999999999999999,-1.0,0.99,org.eclipse.mylyn.internal.monitor.ui.BrowserMonitor
-1.0,-1.0,-1.0,-0.9999999999999999,-1.0,0.99,org.eclipse.mylyn.internal.monitor.ui.KeybindingCommandMonitor
-1.0,-1.0,-1.0,-0.9999999999999999,-1.0,0.99,org.eclipse.mylyn.internal.monitor.ui.MenuCommandMonitor
-1.0,-1.0,-1.0,-0.9999999999999999,-1.0,0.99,org.eclipse.mylyn.internal.monitor.ui.PerspectiveChangeMonitor
-1.0,-1.0,-1.0,-0.9999999999999999,-1.0,0.99,org.eclipse.mylyn.internal.monitor.ui.PreferenceChangeMonitor
-1.0,-1.0,-1.0,-0.9999999999999999,-1.0,0.99,org.eclipse.mylyn.internal.monitor.ui.ShellLifecycleListener
-1.0,-1.0,-1.0,-0.9999999999999999,-1.0,0.99,org.eclipse.mylyn.internal.monitor.ui.WindowChangeMonitor
-1.0,-1.0,-1.0,-0.9999999999999999,-1.0,0.99,org.eclipse.mylyn.internal.monitor.ui.WorkbenchUserActivityMonitor
-1.0,-1.0,-1.0,-0.9999999999999999,-1.0,0.99,org.eclipse.mylyn.internal.pde.ui.PdeContextLabelProvider
-1.0,-1.0,-1.0,-0.9999999999999999,-1.0,0.99,org.eclipse.mylyn.internal.pde.ui.PdeEditingMonitor
-1.0,-1.0,-1.0,-0.9999999999999999,-1.0,0.99,org.eclipse.mylyn.internal.pde.ui.PdeStructureBridge
-1.0,-1.0,-1.0,-0.9999999999999999,-1.0,0.99,org.eclipse.mylyn.internal.pde.ui.PdeUiBridge
-1.0,-1.0,-1.0,-0.9999999999999999,-1.0,0.99,org.eclipse.mylyn.internal.pde.ui.PdeUiBridgePlugin
-1.0,-1.0,-1.0,-0.9999999999999999,-1.0,0.99,org.eclipse.mylyn.internal.pde.ui.XmlJavaRelationProvider
-1.0,-1.0,-1.0,-0.9999999999999999,-1.0,0.99,org.eclipse.mylyn.internal.pde.ui.junit.TaskContextPdeJUnitLaunchConfiguration
-1.0,-1.0,-1.0,-0.9999999999999999,-1.0,0.99,org.eclipse.mylyn.internal.pde.ui.junit.TaskContextPdeJUnitTabGroup
-1.0,-1.0,-1.0,-0.9999999999999999,-1.0,0.99,org.eclipse.mylyn.internal.resources.ui.ContextEditorManager
-1.0,-1.0,-1.0,-0.9999999999999999,-1.0,0.99,org.eclipse.mylyn.internal.resources.ui.EditorInteractionMonitor
-1.0,-1.0,-1.0,-0.9999999999999999,-1.0,0.99,org.eclipse.mylyn.internal.resources.ui.FocusCommonNavigatorAction
-1.0,-1.0,-1.0,-0.9999999999999999,-1.0,0.99,org.eclipse.mylyn.internal.resources.ui.IContextAwareEditor
-1.0,-1.0,-1.0,-0.9999999999999999,-1.0,0.99,org.eclipse.mylyn.internal.resources.ui.ResourceChangeMonitor
-1.0,-1.0,-1.0,-0.9999999999999999,-1.0,0.99,org.eclipse.mylyn.internal.resources.ui.ResourceContextLabelProvider
-1.0,-1.0,-1.0,-0.9999999999999999,-1.0,0.99,org.eclipse.mylyn.internal.resources.ui.ResourceInteractionMonitor
-1.0,-1.0,-1.0,-0.9999999999999999,-1.0,0.99,org.eclipse.mylyn.internal.resources.ui.ResourceInterestUpdater
-1.0,-1.0,-1.0,-0.9999999999999999,-1.0,0.99,org.eclipse.mylyn.internal.resources.ui.ResourceStructureBridge
-1.0,-1.0,-1.0,-0.9999999999999999,-1.0,0.99,org.eclipse.mylyn.internal.resources.ui.ResourceUiBridge
-1.0,-1.0,-1.0,-0.9999999999999999,-1.0,0.99,org.eclipse.mylyn.internal.resources.ui.ResourcesUiExtensionPointReader
-1.0,-1.0,-1.0,-0.9999999999999999,-1.0,0.99,org.eclipse.mylyn.internal.resources.ui.ResourcesUiPreferenceInitializer
-1.0,-1.0,-1.0,-0.9999999999999999,-1.0,0.99,org.eclipse.mylyn.internal.resources.ui.preferences.FocusedResourcesPreferencePage
-1.0,-1.0,-1.0,-0.9999999999999999,-1.0,0.99,org.eclipse.mylyn.internal.tasks.core.CommentQuoter
-1.0,-1.0,-1.0,-0.9999999999999999,-1.0,0.99,org.eclipse.mylyn.internal.tasks.core.IRepositoryConstants
-1.0,-1.0,-1.0,-0.9999999999999999,-1.0,0.99,org.eclipse.mylyn.internal.tasks.core.ITaskDataStorage
-1.0,-1.0,-1.0,-0.9999999999999999,-1.0,0.99,org.eclipse.mylyn.internal.tasks.core.LocalAttachment
-1.0,-1.0,-1.0,-0.9999999999999999,-1.0,0.99,org.eclipse.mylyn.internal.tasks.core.LocalRepositoryConnector
-1.0,-1.0,-1.0,-0.9999999999999999,-1.0,0.99,org.eclipse.mylyn.internal.tasks.core.LocalTask
-1.0,-1.0,-1.0,-0.9999999999999999,-1.0,0.99,org.eclipse.mylyn.internal.tasks.core.LocalTaskListFactory
-1.0,-1.0,-1.0,-0.9999999999999999,-1.0,0.99,org.eclipse.mylyn.internal.tasks.core.OfflineDataStore
-1.0,-1.0,-1.0,-0.9999999999999999,-1.0,0.99,org.eclipse.mylyn.internal.tasks.core.RepositoryTaskHandleUtil
-1.0,-1.0,-1.0,-0.9999999999999999,-1.0,0.99,org.eclipse.mylyn.internal.tasks.core.SaxRepositoriesContentHandler
-1.0,-1.0,-1.0,-0.9999999999999999,-1.0,0.99,org.eclipse.mylyn.internal.tasks.core.SaxRepositoriesWriter
-1.0,-1.0,-1.0,-0.9999999999999999,-1.0,0.99,org.eclipse.mylyn.internal.tasks.core.ScheduledTaskContainer
-1.0,-1.0,-1.0,-0.9999999999999999,-1.0,0.99,org.eclipse.mylyn.internal.tasks.core.ScheduledTaskDelegate
-1.0,-1.0,-1.0,-0.9999999999999999,-1.0,0.99,org.eclipse.mylyn.internal.tasks.core.TaskArchive
-1.0,-1.0,-1.0,-0.9999999999999999,-1.0,0.99,org.eclipse.mylyn.internal.tasks.core.TaskCategory
-1.0,-1.0,-1.0,-0.9999999999999999,-1.0,0.99,org.eclipse.mylyn.internal.tasks.core.TaskDataManager
-1.0,-1.0,-1.0,-0.9999999999999999,-1.0,0.99,org.eclipse.mylyn.internal.tasks.core.TaskDataState
-1.0,-1.0,-1.0,-0.9999999999999999,-1.0,0.99,org.eclipse.mylyn.internal.tasks.core.TaskExternalizationException
-1.0,-1.0,-1.0,-0.9999999999999999,-1.0,0.99,org.eclipse.mylyn.internal.tasks.core.TaskRepositoriesExternalizer
-1.0,-1.0,-1.0,-0.9999999999999999,-1.0,0.99,org.eclipse.mylyn.internal.tasks.core.TaskRepositoryFilter
-1.0,-1.0,-1.0,-0.9999999999999999,-1.0,0.99,org.eclipse.mylyn.internal.tasks.core.UnfiledCategory
-1.0,-1.0,-1.0,-0.9999999999999999,-1.0,0.99,org.eclipse.mylyn.internal.tasks.ui.AbstractTaskListFilter
-1.0,-1.0,-1.0,-0.9999999999999999,-1.0,0.99,org.eclipse.mylyn.internal.tasks.ui.AddExistingTaskJob
-1.0,-1.0,-1.0,-0.9999999999999999,-1.0,0.99,org.eclipse.mylyn.internal.tasks.ui.ComboSelectionDialog
-1.0,-1.0,-1.0,-0.9999999999999999,-1.0,0.99,org.eclipse.mylyn.internal.tasks.ui.CompositeContainerImageDescriptor
-1.0,-1.0,-1.0,-0.9999999999999999,-1.0,0.99,org.eclipse.mylyn.internal.tasks.ui.CompositeSynchImageDescriptor
-1.0,-1.0,-1.0,-0.9999999999999999,-1.0,0.99,org.eclipse.mylyn.internal.tasks.ui.CompositeTaskImageDescriptor
-1.0,-1.0,-1.0,-0.9999999999999999,-1.0,0.99,org.eclipse.mylyn.internal.tasks.ui.ContextUiUtil
-1.0,-1.0,-1.0,-0.9999999999999999,-1.0,0.99,org.eclipse.mylyn.internal.tasks.ui.IDynamicSubMenuContributor
-1.0,-1.0,-1.0,-0.9999999999999999,-1.0,0.99,org.eclipse.mylyn.internal.tasks.ui.ITaskCommandIds
-1.0,-1.0,-1.0,-0.9999999999999999,-1.0,0.99,org.eclipse.mylyn.internal.tasks.ui.ITaskHighlighter
-1.0,-1.0,-1.0,-0.9999999999999999,-1.0,0.99,org.eclipse.mylyn.internal.tasks.ui.ITaskListNotification
-1.0,-1.0,-1.0,-0.9999999999999999,-1.0,0.99,org.eclipse.mylyn.internal.tasks.ui.ITaskListNotificationProvider
-1.0,-1.0,-1.0,-0.9999999999999999,-1.0,0.99,org.eclipse.mylyn.internal.tasks.ui.ITasksUiConstants
-1.0,-1.0,-1.0,-0.9999999999999999,-1.0,0.99,org.eclipse.mylyn.internal.tasks.ui.LocalTaskConnectorUi
-1.0,-1.0,-1.0,-0.9999999999999999,-1.0,0.99,org.eclipse.mylyn.internal.tasks.ui.MoveToCategoryMenuContributor
-1.0,-1.0,-1.0,-0.9999999999999999,-1.0,0.99,org.eclipse.mylyn.internal.tasks.ui.OfflineCachingStorage
-1.0,-1.0,-1.0,-0.9999999999999999,-1.0,0.99,org.eclipse.mylyn.internal.tasks.ui.OfflineFileStorage
-1.0,-1.0,-1.0,-0.9999999999999999,-1.0,0.99,org.eclipse.mylyn.internal.tasks.ui.OpenRepositoryTaskJob
-1.0,-1.0,-1.0,-0.9999999999999999,-1.0,0.99,org.eclipse.mylyn.internal.tasks.ui.PersonContentProposal
-1.0,-1.0,-1.0,-0.9999999999999999,-1.0,0.99,org.eclipse.mylyn.internal.tasks.ui.PersonProposalLabelProvider
-1.0,-1.0,-1.0,-0.9999999999999999,-1.0,0.99,org.eclipse.mylyn.internal.tasks.ui.PersonProposalProvider
-1.0,-1.0,-1.0,-0.9999999999999999,-1.0,0.99,org.eclipse.mylyn.internal.tasks.ui.PlanningPerspectiveFactory
-1.0,-1.0,-1.0,-0.9999999999999999,-1.0,0.99,org.eclipse.mylyn.internal.tasks.ui.RepositoryAwareStatusHandler
-1.0,-1.0,-1.0,-0.9999999999999999,-1.0,0.99,org.eclipse.mylyn.internal.tasks.ui.RetrieveTitleFromUrlJob
-1.0,-1.0,-1.0,-0.9999999999999999,-1.0,0.99,org.eclipse.mylyn.internal.tasks.ui.ScheduleTaskMenuContributor
-1.0,-1.0,-1.0,-0.9999999999999999,-1.0,0.99,org.eclipse.mylyn.internal.tasks.ui.ScheduledTaskListSynchJob
-1.0,-1.0,-1.0,-0.9999999999999999,-1.0,0.99,org.eclipse.mylyn.internal.tasks.ui.TaskArchiveFilter
-1.0,-1.0,-1.0,-0.9999999999999999,-1.0,0.99,org.eclipse.mylyn.internal.tasks.ui.TaskCompletionFilter
-1.0,-1.0,-1.0,-0.9999999999999999,-1.0,0.99,org.eclipse.mylyn.internal.tasks.ui.TaskHistoryDropDown
-1.0,-1.0,-1.0,-0.9999999999999999,-1.0,0.99,org.eclipse.mylyn.internal.tasks.ui.TaskHistoryHandler
-1.0,-1.0,-1.0,-0.9999999999999999,-1.0,0.99,org.eclipse.mylyn.internal.tasks.ui.TaskLabelDecorator
-1.0,-1.0,-1.0,-0.9999999999999999,-1.0,0.99,org.eclipse.mylyn.internal.tasks.ui.TaskListBackupManager
-1.0,-1.0,-1.0,-0.9999999999999999,-1.0,0.99,org.eclipse.mylyn.internal.tasks.ui.TaskListColorsAndFonts
-1.0,-1.0,-1.0,-0.9999999999999999,-1.0,0.99,org.eclipse.mylyn.internal.tasks.ui.TaskListHyperlink
-1.0,-1.0,-1.0,-0.9999999999999999,-1.0,0.99,org.eclipse.mylyn.internal.tasks.ui.TaskListImageDescriptor
-1.0,-1.0,-1.0,-0.9999999999999999,-1.0,0.99,org.eclipse.mylyn.internal.tasks.ui.TaskListImageHyperlink
-1.0,-1.0,-1.0,-0.9999999999999999,-1.0,0.99,org.eclipse.mylyn.internal.tasks.ui.TaskListNotificationIncoming
-1.0,-1.0,-1.0,-0.9999999999999999,-1.0,0.99,org.eclipse.mylyn.internal.tasks.ui.TaskListNotificationManager
-1.0,-1.0,-1.0,-0.9999999999999999,-1.0,0.99,org.eclipse.mylyn.internal.tasks.ui.TaskListNotificationPopup
-1.0,-1.0,-1.0,-0.9999999999999999,-1.0,0.99,org.eclipse.mylyn.internal.tasks.ui.TaskListNotificationQueryIncoming
-1.0,-1.0,-1.0,-0.9999999999999999,-1.0,0.99,org.eclipse.mylyn.internal.tasks.ui.TaskListNotificationReminder
-1.0,-1.0,-1.0,-0.9999999999999999,-1.0,0.99,org.eclipse.mylyn.internal.tasks.ui.TaskListPatternFilter
-1.0,-1.0,-1.0,-0.9999999999999999,-1.0,0.99,org.eclipse.mylyn.internal.tasks.ui.TaskListSynchronizationScheduler
-1.0,-1.0,-1.0,-0.9999999999999999,-1.0,0.99,org.eclipse.mylyn.internal.tasks.ui.TaskPriorityFilter
-1.0,-1.0,-1.0,-0.9999999999999999,-1.0,0.99,org.eclipse.mylyn.internal.tasks.ui.TaskRepositoryAdapterFactory
-1.0,-1.0,-1.0,-0.9999999999999999,-1.0,0.99,org.eclipse.mylyn.internal.tasks.ui.TaskSearchPage
-1.0,-1.0,-1.0,-0.9999999999999999,-1.0,0.99,org.eclipse.mylyn.internal.tasks.ui.TaskStatusMenuContributor
-1.0,-1.0,-1.0,-0.9999999999999999,-1.0,0.99,org.eclipse.mylyn.internal.tasks.ui.TaskTransfer
-1.0,-1.0,-1.0,-0.9999999999999999,-1.0,0.99,org.eclipse.mylyn.internal.tasks.ui.TaskTrimWidget
-1.0,-1.0,-1.0,-0.9999999999999999,-1.0,0.99,org.eclipse.mylyn.internal.tasks.ui.TaskWorkingSetFilter
-1.0,-1.0,-1.0,-0.9999999999999999,-1.0,0.99,org.eclipse.mylyn.internal.tasks.ui.TasksReminderDialog
-1.0,-1.0,-1.0,-0.9999999999999999,-1.0,0.99,org.eclipse.mylyn.internal.tasks.ui.TasksUiImages
-1.0,-1.0,-1.0,-0.9999999999999999,-1.0,0.99,org.eclipse.mylyn.internal.tasks.ui.TasksUiPreferenceConstants
-1.0,-1.0,-1.0,-0.9999999999999999,-1.0,0.99,org.eclipse.mylyn.internal.tasks.ui.WorkspaceAwareContextStore
-1.0,-1.0,-1.0,-0.9999999999999999,-1.0,0.99,org.eclipse.mylyn.internal.tasks.ui.actions.AbstractChangeCompletionAction
-1.0,-1.0,-1.0,-0.9999999999999999,-1.0,0.99,org.eclipse.mylyn.internal.tasks.ui.actions.AbstractTaskAction
-1.0,-1.0,-1.0,-0.9999999999999999,-1.0,0.99,org.eclipse.mylyn.internal.tasks.ui.actions.AbstractTaskRepositoryAction
-1.0,-1.0,-1.0,-0.9999999999999999,-1.0,0.99,org.eclipse.mylyn.internal.tasks.ui.actions.ActivateTaskDialogAction
-1.0,-1.0,-1.0,-0.9999999999999999,-1.0,0.99,org.eclipse.mylyn.internal.tasks.ui.actions.ActivateTaskHistoryDropDownAction
-1.0,-1.0,-1.0,-0.9999999999999999,-1.0,0.99,org.eclipse.mylyn.internal.tasks.ui.actions.ActivityReportAction
-1.0,-1.0,-1.0,-0.9999999999999999,-1.0,0.99,org.eclipse.mylyn.internal.tasks.ui.actions.AddRepositoryAction
-1.0,-1.0,-1.0,-0.9999999999999999,-1.0,0.99,org.eclipse.mylyn.internal.tasks.ui.actions.AddRepositoryTaskAction
-1.0,-1.0,-1.0,-0.9999999999999999,-1.0,0.99,org.eclipse.mylyn.internal.tasks.ui.actions.AttachFileAction
-1.0,-1.0,-1.0,-0.9999999999999999,-1.0,0.99,org.eclipse.mylyn.internal.tasks.ui.actions.ClearOutgoingAction
-1.0,-1.0,-1.0,-0.9999999999999999,-1.0,0.99,org.eclipse.mylyn.internal.tasks.ui.actions.CollapseAllAction
-1.0,-1.0,-1.0,-0.9999999999999999,-1.0,0.99,org.eclipse.mylyn.internal.tasks.ui.actions.CopyAttachmentToClipboardJob
-1.0,-1.0,-1.0,-0.9999999999999999,-1.0,0.99,org.eclipse.mylyn.internal.tasks.ui.actions.CopyTaskDetailsAction
-1.0,-1.0,-1.0,-0.9999999999999999,-1.0,0.99,org.eclipse.mylyn.internal.tasks.ui.actions.DeactivateAllTasksAction
-1.0,-1.0,-1.0,-0.9999999999999999,-1.0,0.99,org.eclipse.mylyn.internal.tasks.ui.actions.DeleteAction
-1.0,-1.0,-1.0,-0.9999999999999999,-1.0,0.99,org.eclipse.mylyn.internal.tasks.ui.actions.DeleteTaskRepositoryAction
-1.0,-1.0,-1.0,-0.9999999999999999,-1.0,0.99,org.eclipse.mylyn.internal.tasks.ui.actions.DownloadAttachmentJob
-1.0,-1.0,-1.0,-0.9999999999999999,-1.0,0.99,org.eclipse.mylyn.internal.tasks.ui.actions.EditRepositoryPropertiesAction
-1.0,-1.0,-1.0,-0.9999999999999999,-1.0,0.99,org.eclipse.mylyn.internal.tasks.ui.actions.ExpandAllAction
-1.0,-1.0,-1.0,-0.9999999999999999,-1.0,0.99,org.eclipse.mylyn.internal.tasks.ui.actions.FilterArchiveContainerAction
-1.0,-1.0,-1.0,-0.9999999999999999,-1.0,0.99,org.eclipse.mylyn.internal.tasks.ui.actions.FilterCompletedTasksAction
-1.0,-1.0,-1.0,-0.9999999999999999,-1.0,0.99,org.eclipse.mylyn.internal.tasks.ui.actions.FilterSubTasksAction
-1.0,-1.0,-1.0,-0.9999999999999999,-1.0,0.99,org.eclipse.mylyn.internal.tasks.ui.actions.GoIntoAction
-1.0,-1.0,-1.0,-0.9999999999999999,-1.0,0.99,org.eclipse.mylyn.internal.tasks.ui.actions.GoUpAction
-1.0,-1.0,-1.0,-0.9999999999999999,-1.0,0.99,org.eclipse.mylyn.internal.tasks.ui.actions.LinkWithEditorAction
-1.0,-1.0,-1.0,-0.9999999999999999,-1.0,0.99,org.eclipse.mylyn.internal.tasks.ui.actions.MarkTaskCompleteAction
-1.0,-1.0,-1.0,-0.9999999999999999,-1.0,0.99,org.eclipse.mylyn.internal.tasks.ui.actions.MarkTaskIncompleteAction
-1.0,-1.0,-1.0,-0.9999999999999999,-1.0,0.99,org.eclipse.mylyn.internal.tasks.ui.actions.MarkTaskReadAction
-1.0,-1.0,-1.0,-0.9999999999999999,-1.0,0.99,org.eclipse.mylyn.internal.tasks.ui.actions.MarkTaskUnreadAction
-1.0,-1.0,-1.0,-0.9999999999999999,-1.0,0.99,org.eclipse.mylyn.internal.tasks.ui.actions.MoveTaskToRootAction
-1.0,-1.0,-1.0,-0.9999999999999999,-1.0,0.99,org.eclipse.mylyn.internal.tasks.ui.actions.NewCategoryAction
-1.0,-1.0,-1.0,-0.9999999999999999,-1.0,0.99,org.eclipse.mylyn.internal.tasks.ui.actions.NewQueryAction
-1.0,-1.0,-1.0,-0.9999999999999999,-1.0,0.99,org.eclipse.mylyn.internal.tasks.ui.actions.NewTaskAction
-1.0,-1.0,-1.0,-0.9999999999999999,-1.0,0.99,org.eclipse.mylyn.internal.tasks.ui.actions.OpenRepositoryTask
-1.0,-1.0,-1.0,-0.9999999999999999,-1.0,0.99,org.eclipse.mylyn.internal.tasks.ui.actions.OpenTaskAction
-1.0,-1.0,-1.0,-0.9999999999999999,-1.0,0.99,org.eclipse.mylyn.internal.tasks.ui.actions.OpenTaskListElementAction
-1.0,-1.0,-1.0,-0.9999999999999999,-1.0,0.99,org.eclipse.mylyn.internal.tasks.ui.actions.OpenTaskSearchAction
-1.0,-1.0,-1.0,-0.9999999999999999,-1.0,0.99,org.eclipse.mylyn.internal.tasks.ui.actions.OpenTasksUiPreferencesAction
-1.0,-1.0,-1.0,-0.9999999999999999,-1.0,0.99,org.eclipse.mylyn.internal.tasks.ui.actions.OpenWithBrowserAction
-1.0,-1.0,-1.0,-0.9999999999999999,-1.0,0.99,org.eclipse.mylyn.internal.tasks.ui.actions.PresentationDropDownSelectionAction
-1.0,-1.0,-1.0,-0.9999999999999999,-1.0,0.99,org.eclipse.mylyn.internal.tasks.ui.actions.RemoveFromCategoryAction
-1.0,-1.0,-1.0,-0.9999999999999999,-1.0,0.99,org.eclipse.mylyn.internal.tasks.ui.actions.RenameAction
-1.0,-1.0,-1.0,-0.9999999999999999,-1.0,0.99,org.eclipse.mylyn.internal.tasks.ui.actions.ReportBugAction
-1.0,-1.0,-1.0,-0.9999999999999999,-1.0,0.99,org.eclipse.mylyn.internal.tasks.ui.actions.RestoreTaskListAction
-1.0,-1.0,-1.0,-0.9999999999999999,-1.0,0.99,org.eclipse.mylyn.internal.tasks.ui.actions.ShowInTaskListAction
-1.0,-1.0,-1.0,-0.9999999999999999,-1.0,0.99,org.eclipse.mylyn.internal.tasks.ui.actions.ShowTaskRepositoriesViewAction
-1.0,-1.0,-1.0,-0.9999999999999999,-1.0,0.99,org.eclipse.mylyn.internal.tasks.ui.actions.SynchronizeAllAction
-1.0,-1.0,-1.0,-0.9999999999999999,-1.0,0.99,org.eclipse.mylyn.internal.tasks.ui.actions.SynchronizeAutomaticallyAction
-1.0,-1.0,-1.0,-0.9999999999999999,-1.0,0.99,org.eclipse.mylyn.internal.tasks.ui.actions.SynchronizeEditorAction
-1.0,-1.0,-1.0,-0.9999999999999999,-1.0,0.99,org.eclipse.mylyn.internal.tasks.ui.actions.SynchronizeSelectedAction
-1.0,-1.0,-1.0,-0.9999999999999999,-1.0,0.99,org.eclipse.mylyn.internal.tasks.ui.actions.TaskActivateAction
-1.0,-1.0,-1.0,-0.9999999999999999,-1.0,0.99,org.eclipse.mylyn.internal.tasks.ui.actions.TaskDeactivateAction
-1.0,-1.0,-1.0,-0.9999999999999999,-1.0,0.99,org.eclipse.mylyn.internal.tasks.ui.actions.TaskEditorCopyAction
-1.0,-1.0,-1.0,-0.9999999999999999,-1.0,0.99,org.eclipse.mylyn.internal.tasks.ui.actions.TaskListElementPropertiesAction
-1.0,-1.0,-1.0,-0.9999999999999999,-1.0,0.99,org.eclipse.mylyn.internal.tasks.ui.actions.TaskNavigateDropDownAction
-1.0,-1.0,-1.0,-0.9999999999999999,-1.0,0.99,org.eclipse.mylyn.internal.tasks.ui.actions.TaskSelectionDialog
-1.0,-1.0,-1.0,-0.9999999999999999,-1.0,0.99,org.eclipse.mylyn.internal.tasks.ui.actions.TaskWorkingSetAction
-1.0,-1.0,-1.0,-0.9999999999999999,-1.0,0.99,org.eclipse.mylyn.internal.tasks.ui.actions.ToggleAllWorkingSetsAction
-1.0,-1.0,-1.0,-0.9999999999999999,-1.0,0.99,org.eclipse.mylyn.internal.tasks.ui.actions.ToggleWorkingSetAction
-1.0,-1.0,-1.0,-0.9999999999999999,-1.0,0.99,org.eclipse.mylyn.internal.tasks.ui.commands.AddTaskRepositoryHandler
-1.0,-1.0,-1.0,-0.9999999999999999,-1.0,0.99,org.eclipse.mylyn.internal.tasks.ui.commands.RemoteTaskSelectionDialog
-1.0,-1.0,-1.0,-0.9999999999999999,-1.0,0.99,org.eclipse.mylyn.internal.tasks.ui.commands.TaskRepositoryParameterValues
-1.0,-1.0,-1.0,-0.9999999999999999,-1.0,0.99,org.eclipse.mylyn.internal.tasks.ui.editors.AttachmentTableLabelProvider
-1.0,-1.0,-1.0,-0.9999999999999999,-1.0,0.99,org.eclipse.mylyn.internal.tasks.ui.editors.AttachmentsTableContentProvider
-1.0,-1.0,-1.0,-0.9999999999999999,-1.0,0.99,org.eclipse.mylyn.internal.tasks.ui.editors.CategoryEditor
-1.0,-1.0,-1.0,-0.9999999999999999,-1.0,0.99,org.eclipse.mylyn.internal.tasks.ui.editors.CategoryEditorInput
-1.0,-1.0,-1.0,-0.9999999999999999,-1.0,0.99,org.eclipse.mylyn.internal.tasks.ui.editors.ContentOutlineTools
-1.0,-1.0,-1.0,-0.9999999999999999,-1.0,0.99,org.eclipse.mylyn.internal.tasks.ui.editors.EditorBusyIndicator
-1.0,-1.0,-1.0,-0.9999999999999999,-1.0,0.99,org.eclipse.mylyn.internal.tasks.ui.editors.IBusyEditor
-1.0,-1.0,-1.0,-0.9999999999999999,-1.0,0.99,org.eclipse.mylyn.internal.tasks.ui.editors.IRepositoryTaskAttributeListener
-1.0,-1.0,-1.0,-0.9999999999999999,-1.0,0.99,org.eclipse.mylyn.internal.tasks.ui.editors.IRepositoryTaskSelection
-1.0,-1.0,-1.0,-0.9999999999999999,-1.0,0.99,org.eclipse.mylyn.internal.tasks.ui.editors.RepositoryAttachmentEditorInput
-1.0,-1.0,-1.0,-0.9999999999999999,-1.0,0.99,org.eclipse.mylyn.internal.tasks.ui.editors.RepositoryTaskOutlineComparer
-1.0,-1.0,-1.0,-0.9999999999999999,-1.0,0.99,org.eclipse.mylyn.internal.tasks.ui.editors.RepositoryTaskOutlineNode
-1.0,-1.0,-1.0,-0.9999999999999999,-1.0,0.99,org.eclipse.mylyn.internal.tasks.ui.editors.RepositoryTaskOutlinePage
-1.0,-1.0,-1.0,-0.9999999999999999,-1.0,0.99,org.eclipse.mylyn.internal.tasks.ui.editors.RepositoryTaskSelection
-1.0,-1.0,-1.0,-0.9999999999999999,-1.0,0.99,org.eclipse.mylyn.internal.tasks.ui.editors.RepositoryTextViewer
-1.0,-1.0,-1.0,-0.9999999999999999,-1.0,0.99,org.eclipse.mylyn.internal.tasks.ui.editors.RepositoryViewerConfig
-1.0,-1.0,-1.0,-0.9999999999999999,-1.0,0.99,org.eclipse.mylyn.internal.tasks.ui.editors.SpellingDialog
-1.0,-1.0,-1.0,-0.9999999999999999,-1.0,0.99,org.eclipse.mylyn.internal.tasks.ui.editors.TaskEditorActionContributor
-1.0,-1.0,-1.0,-0.9999999999999999,-1.0,0.99,org.eclipse.mylyn.internal.tasks.ui.editors.TaskEditorInputFactory
-1.0,-1.0,-1.0,-0.9999999999999999,-1.0,0.99,org.eclipse.mylyn.internal.tasks.ui.editors.TaskHyperlinkDetector
-1.0,-1.0,-1.0,-0.9999999999999999,-1.0,0.99,org.eclipse.mylyn.internal.tasks.ui.editors.TaskPlanningEditor
-1.0,-1.0,-1.0,-0.9999999999999999,-1.0,0.99,org.eclipse.mylyn.internal.tasks.ui.editors.TaskSpellingReconcileStrategy
-1.0,-1.0,-1.0,-0.9999999999999999,-1.0,0.99,org.eclipse.mylyn.internal.tasks.ui.editors.TaskUrlHyperlink
-1.0,-1.0,-1.0,-0.9999999999999999,-1.0,0.99,org.eclipse.mylyn.internal.tasks.ui.editors.TaskUrlHyperlinkDetector
-1.0,-1.0,-1.0,-0.9999999999999999,-1.0,0.99,org.eclipse.mylyn.internal.tasks.ui.planner.CompletedTaskCollector
-1.0,-1.0,-1.0,-0.9999999999999999,-1.0,0.99,org.eclipse.mylyn.internal.tasks.ui.planner.DateSelectionDialog
-1.0,-1.0,-1.0,-0.9999999999999999,-1.0,0.99,org.eclipse.mylyn.internal.tasks.ui.planner.ITaskCollector
-1.0,-1.0,-1.0,-0.9999999999999999,-1.0,0.99,org.eclipse.mylyn.internal.tasks.ui.planner.ITaskPlannerContentProvider
-1.0,-1.0,-1.0,-0.9999999999999999,-1.0,0.99,org.eclipse.mylyn.internal.tasks.ui.planner.InProgressTaskCollector
-1.0,-1.0,-1.0,-0.9999999999999999,-1.0,0.99,org.eclipse.mylyn.internal.tasks.ui.planner.OpenTaskEditorAction
-1.0,-1.0,-1.0,-0.9999999999999999,-1.0,0.99,org.eclipse.mylyn.internal.tasks.ui.planner.PlannedTasksContentProvider
-1.0,-1.0,-1.0,-0.9999999999999999,-1.0,0.99,org.eclipse.mylyn.internal.tasks.ui.planner.ReminderCellEditor
-1.0,-1.0,-1.0,-0.9999999999999999,-1.0,0.99,org.eclipse.mylyn.internal.tasks.ui.planner.RemoveTaskAction
-1.0,-1.0,-1.0,-0.9999999999999999,-1.0,0.99,org.eclipse.mylyn.internal.tasks.ui.planner.TaskActivityContentProvider
-1.0,-1.0,-1.0,-0.9999999999999999,-1.0,0.99,org.eclipse.mylyn.internal.tasks.ui.planner.TaskActivityEditorInput
-1.0,-1.0,-1.0,-0.9999999999999999,-1.0,0.99,org.eclipse.mylyn.internal.tasks.ui.planner.TaskActivityEditorPart
-1.0,-1.0,-1.0,-0.9999999999999999,-1.0,0.99,org.eclipse.mylyn.internal.tasks.ui.planner.TaskActivitySorter
-1.0,-1.0,-1.0,-0.9999999999999999,-1.0,0.99,org.eclipse.mylyn.internal.tasks.ui.planner.TaskActivityWizard
-1.0,-1.0,-1.0,-0.9999999999999999,-1.0,0.99,org.eclipse.mylyn.internal.tasks.ui.planner.TaskActivityWizardPage
-1.0,-1.0,-1.0,-0.9999999999999999,-1.0,0.99,org.eclipse.mylyn.internal.tasks.ui.planner.TaskPlanContentProvider
-1.0,-1.0,-1.0,-0.9999999999999999,-1.0,0.99,org.eclipse.mylyn.internal.tasks.ui.planner.TaskPlanLabelProvider
-1.0,-1.0,-1.0,-0.9999999999999999,-1.0,0.99,org.eclipse.mylyn.internal.tasks.ui.planner.TaskPlanSorter
-1.0,-1.0,-1.0,-0.9999999999999999,-1.0,0.99,org.eclipse.mylyn.internal.tasks.ui.planner.TaskPlannerLabelProvider
-1.0,-1.0,-1.0,-0.9999999999999999,-1.0,0.99,org.eclipse.mylyn.internal.tasks.ui.planner.TaskReportGenerator
-1.0,-1.0,-1.0,-0.9999999999999999,-1.0,0.99,org.eclipse.mylyn.internal.tasks.ui.preferences.TaskFocusedUiPreferencePage
-1.0,-1.0,-1.0,-0.9999999999999999,-1.0,0.99,org.eclipse.mylyn.internal.tasks.ui.preferences.TasksUiPreferencePage
-1.0,-1.0,-1.0,-0.9999999999999999,-1.0,0.99,org.eclipse.mylyn.internal.tasks.ui.properties.ProjectPropertiesLinkProvider
-1.0,-1.0,-1.0,-0.9999999999999999,-1.0,0.99,org.eclipse.mylyn.internal.tasks.ui.properties.ProjectTaskRepositoryPage
-1.0,-1.0,-1.0,-0.9999999999999999,-1.0,0.99,org.eclipse.mylyn.internal.tasks.ui.search.AbstractRepositorySearchQuery
-1.0,-1.0,-1.0,-0.9999999999999999,-1.0,0.99,org.eclipse.mylyn.internal.tasks.ui.search.CreateQueryFromSearchAction
-1.0,-1.0,-1.0,-0.9999999999999999,-1.0,0.99,org.eclipse.mylyn.internal.tasks.ui.search.OpenSearchResultAction
-1.0,-1.0,-1.0,-0.9999999999999999,-1.0,0.99,org.eclipse.mylyn.internal.tasks.ui.search.RepositorySearchResultView
-1.0,-1.0,-1.0,-0.9999999999999999,-1.0,0.99,org.eclipse.mylyn.internal.tasks.ui.search.SearchResultContentProvider
-1.0,-1.0,-1.0,-0.9999999999999999,-1.0,0.99,org.eclipse.mylyn.internal.tasks.ui.search.SearchResultSortAction
-1.0,-1.0,-1.0,-0.9999999999999999,-1.0,0.99,org.eclipse.mylyn.internal.tasks.ui.search.SearchResultSorterDescription
-1.0,-1.0,-1.0,-0.9999999999999999,-1.0,0.99,org.eclipse.mylyn.internal.tasks.ui.search.SearchResultSorterId
-1.0,-1.0,-1.0,-0.9999999999999999,-1.0,0.99,org.eclipse.mylyn.internal.tasks.ui.search.SearchResultSorterPriority
-1.0,-1.0,-1.0,-0.9999999999999999,-1.0,0.99,org.eclipse.mylyn.internal.tasks.ui.search.SearchResultTableContentProvider
-1.0,-1.0,-1.0,-0.9999999999999999,-1.0,0.99,org.eclipse.mylyn.internal.tasks.ui.search.SearchScoreComputerAdapterFactory
-1.0,-1.0,-1.0,-0.9999999999999999,-1.0,0.99,org.eclipse.mylyn.internal.tasks.ui.util.BackgroundSaveTimer
-1.0,-1.0,-1.0,-0.9999999999999999,-1.0,0.99,org.eclipse.mylyn.internal.tasks.ui.util.DelegatingTaskExternalizer
-1.0,-1.0,-1.0,-0.9999999999999999,-1.0,0.99,org.eclipse.mylyn.internal.tasks.ui.util.IBackgroundSaveListener
-1.0,-1.0,-1.0,-0.9999999999999999,-1.0,0.99,org.eclipse.mylyn.internal.tasks.ui.util.TaskDataExportJob
-1.0,-1.0,-1.0,-0.9999999999999999,-1.0,0.99,org.eclipse.mylyn.internal.tasks.ui.util.TaskListSaveManager
-1.0,-1.0,-1.0,-0.9999999999999999,-1.0,0.99,org.eclipse.mylyn.internal.tasks.ui.util.TaskListWriter
-1.0,-1.0,-1.0,-0.9999999999999999,-1.0,0.99,org.eclipse.mylyn.internal.tasks.ui.util.TasksUiExtensionReader
-1.0,-1.0,-1.0,-0.9999999999999999,-1.0,0.99,org.eclipse.mylyn.internal.tasks.ui.util.WebBrowserDialog
-1.0,-1.0,-1.0,-0.9999999999999999,-1.0,0.99,org.eclipse.mylyn.internal.tasks.ui.views.AbstractFilteredTree
-1.0,-1.0,-1.0,-0.9999999999999999,-1.0,0.99,org.eclipse.mylyn.internal.tasks.ui.views.AdaptiveRefreshPolicy
-1.0,-1.0,-1.0,-0.9999999999999999,-1.0,0.99,org.eclipse.mylyn.internal.tasks.ui.views.CustomTaskListDecorationDrawer
-1.0,-1.0,-1.0,-0.9999999999999999,-1.0,0.99,org.eclipse.mylyn.internal.tasks.ui.views.DatePickerPanel
-1.0,-1.0,-1.0,-0.9999999999999999,-1.0,0.99,org.eclipse.mylyn.internal.tasks.ui.views.IFilteredTreeListener
-1.0,-1.0,-1.0,-0.9999999999999999,-1.0,0.99,org.eclipse.mylyn.internal.tasks.ui.views.ITaskListPresentation
-1.0,-1.0,-1.0,-0.9999999999999999,-1.0,0.99,org.eclipse.mylyn.internal.tasks.ui.views.PriorityDropDownAction
-1.0,-1.0,-1.0,-0.9999999999999999,-1.0,0.99,org.eclipse.mylyn.internal.tasks.ui.views.RepositoryOfflineAction
-1.0,-1.0,-1.0,-0.9999999999999999,-1.0,0.99,org.eclipse.mylyn.internal.tasks.ui.views.ResetRepositoryConfigurationAction
-1.0,-1.0,-1.0,-0.9999999999999999,-1.0,0.99,org.eclipse.mylyn.internal.tasks.ui.views.SortyByDropDownAction
-1.0,-1.0,-1.0,-0.9999999999999999,-1.0,0.99,org.eclipse.mylyn.internal.tasks.ui.views.TableDecoratingLabelProvider
-1.0,-1.0,-1.0,-0.9999999999999999,-1.0,0.99,org.eclipse.mylyn.internal.tasks.ui.views.TaskActivationHistory
-1.0,-1.0,-1.0,-0.9999999999999999,-1.0,0.99,org.eclipse.mylyn.internal.tasks.ui.views.TaskActivityLabelProvider
-1.0,-1.0,-1.0,-0.9999999999999999,-1.0,0.99,org.eclipse.mylyn.internal.tasks.ui.views.TaskElementLabelProvider
-1.0,-1.0,-1.0,-0.9999999999999999,-1.0,0.99,org.eclipse.mylyn.internal.tasks.ui.views.TaskInputDialog
-1.0,-1.0,-1.0,-0.9999999999999999,-1.0,0.99,org.eclipse.mylyn.internal.tasks.ui.views.TaskKeyComparator
-1.0,-1.0,-1.0,-0.9999999999999999,-1.0,0.99,org.eclipse.mylyn.internal.tasks.ui.views.TaskListCellModifier
-1.0,-1.0,-1.0,-0.9999999999999999,-1.0,0.99,org.eclipse.mylyn.internal.tasks.ui.views.TaskListContentProvider
-1.0,-1.0,-1.0,-0.9999999999999999,-1.0,0.99,org.eclipse.mylyn.internal.tasks.ui.views.TaskListDragSourceListener
-1.0,-1.0,-1.0,-0.9999999999999999,-1.0,0.99,org.eclipse.mylyn.internal.tasks.ui.views.TaskListDropAdapter
-1.0,-1.0,-1.0,-0.9999999999999999,-1.0,0.99,org.eclipse.mylyn.internal.tasks.ui.views.TaskListFilteredTree
-1.0,-1.0,-1.0,-0.9999999999999999,-1.0,0.99,org.eclipse.mylyn.internal.tasks.ui.views.TaskListTableSorter
-1.0,-1.0,-1.0,-0.9999999999999999,-1.0,0.99,org.eclipse.mylyn.internal.tasks.ui.views.TaskListToolTipHandler
-1.0,-1.0,-1.0,-0.9999999999999999,-1.0,0.99,org.eclipse.mylyn.internal.tasks.ui.views.TaskListView
-1.0,-1.0,-1.0,-0.9999999999999999,-1.0,0.99,org.eclipse.mylyn.internal.tasks.ui.views.TaskRepositoriesSorter
-1.0,-1.0,-1.0,-0.9999999999999999,-1.0,0.99,org.eclipse.mylyn.internal.tasks.ui.views.TaskRepositoriesView
-1.0,-1.0,-1.0,-0.9999999999999999,-1.0,0.99,org.eclipse.mylyn.internal.tasks.ui.views.TaskRepositoryLabelProvider
-1.0,-1.0,-1.0,-0.9999999999999999,-1.0,0.99,org.eclipse.mylyn.internal.tasks.ui.views.TaskScheduleContentProvider
-1.0,-1.0,-1.0,-0.9999999999999999,-1.0,0.99,org.eclipse.mylyn.internal.tasks.ui.views.TaskTableLabelProvider
-1.0,-1.0,-1.0,-0.9999999999999999,-1.0,0.99,org.eclipse.mylyn.internal.tasks.ui.views.WorkweekProgressBar
-1.0,-1.0,-1.0,-0.9999999999999999,-1.0,0.99,org.eclipse.mylyn.internal.tasks.ui.wizards.AbstractRepositoryClientWizard
-1.0,-1.0,-1.0,-0.9999999999999999,-1.0,0.99,org.eclipse.mylyn.internal.tasks.ui.wizards.AddExistingTaskWizard
-1.0,-1.0,-1.0,-0.9999999999999999,-1.0,0.99,org.eclipse.mylyn.internal.tasks.ui.wizards.CommonAddExistingTaskWizard
-1.0,-1.0,-1.0,-0.9999999999999999,-1.0,0.99,org.eclipse.mylyn.internal.tasks.ui.wizards.ContextAttachWizard
-1.0,-1.0,-1.0,-0.9999999999999999,-1.0,0.99,org.eclipse.mylyn.internal.tasks.ui.wizards.ContextAttachWizardPage
-1.0,-1.0,-1.0,-0.9999999999999999,-1.0,0.99,org.eclipse.mylyn.internal.tasks.ui.wizards.ContextRetrieveWizard
-1.0,-1.0,-1.0,-0.9999999999999999,-1.0,0.99,org.eclipse.mylyn.internal.tasks.ui.wizards.ContextRetrieveWizardPage
-1.0,-1.0,-1.0,-0.9999999999999999,-1.0,0.99,org.eclipse.mylyn.internal.tasks.ui.wizards.EditRepositoryWizard
-1.0,-1.0,-1.0,-0.9999999999999999,-1.0,0.99,org.eclipse.mylyn.internal.tasks.ui.wizards.ExistingTaskWizardPage
-1.0,-1.0,-1.0,-0.9999999999999999,-1.0,0.99,org.eclipse.mylyn.internal.tasks.ui.wizards.InputAttachmentSourcePage
-1.0,-1.0,-1.0,-0.9999999999999999,-1.0,0.99,org.eclipse.mylyn.internal.tasks.ui.wizards.MultiRepositoryAwareWizard
-1.0,-1.0,-1.0,-0.9999999999999999,-1.0,0.99,org.eclipse.mylyn.internal.tasks.ui.wizards.NewAttachmentPage
-1.0,-1.0,-1.0,-0.9999999999999999,-1.0,0.99,org.eclipse.mylyn.internal.tasks.ui.wizards.NewAttachmentWizard
-1.0,-1.0,-1.0,-0.9999999999999999,-1.0,0.99,org.eclipse.mylyn.internal.tasks.ui.wizards.NewAttachmentWizardDialog
-1.0,-1.0,-1.0,-0.9999999999999999,-1.0,0.99,org.eclipse.mylyn.internal.tasks.ui.wizards.NewLocalCategoryWizard
-1.0,-1.0,-1.0,-0.9999999999999999,-1.0,0.99,org.eclipse.mylyn.internal.tasks.ui.wizards.NewLocalTaskWizard
-1.0,-1.0,-1.0,-0.9999999999999999,-1.0,0.99,org.eclipse.mylyn.internal.tasks.ui.wizards.NewQueryWizard
-1.0,-1.0,-1.0,-0.9999999999999999,-1.0,0.99,org.eclipse.mylyn.internal.tasks.ui.wizards.NewRepositoryWizard
-1.0,-1.0,-1.0,-0.9999999999999999,-1.0,0.99,org.eclipse.mylyn.internal.tasks.ui.wizards.NewTaskPage
-1.0,-1.0,-1.0,-0.9999999999999999,-1.0,0.99,org.eclipse.mylyn.internal.tasks.ui.wizards.NewTaskWizard
-1.0,-1.0,-1.0,-0.9999999999999999,-1.0,0.99,org.eclipse.mylyn.internal.tasks.ui.wizards.NewWebTaskPage
-1.0,-1.0,-1.0,-0.9999999999999999,-1.0,0.99,org.eclipse.mylyn.internal.tasks.ui.wizards.PreviewAttachmentPage
-1.0,-1.0,-1.0,-0.9999999999999999,-1.0,0.99,org.eclipse.mylyn.internal.tasks.ui.wizards.SelectRepositoryClientPage
-1.0,-1.0,-1.0,-0.9999999999999999,-1.0,0.99,org.eclipse.mylyn.internal.tasks.ui.wizards.SelectRepositoryPage
-1.0,-1.0,-1.0,-0.9999999999999999,-1.0,0.99,org.eclipse.mylyn.internal.tasks.ui.wizards.TaskDataExportWizard
-1.0,-1.0,-1.0,-0.9999999999999999,-1.0,0.99,org.eclipse.mylyn.internal.tasks.ui.wizards.TaskDataExportWizardPage
-1.0,-1.0,-1.0,-0.9999999999999999,-1.0,0.99,org.eclipse.mylyn.internal.tasks.ui.wizards.TaskDataImportWizard
-1.0,-1.0,-1.0,-0.9999999999999999,-1.0,0.99,org.eclipse.mylyn.internal.tasks.ui.wizards.TaskDataImportWizardPage
-1.0,-1.0,-1.0,-0.9999999999999999,-1.0,0.99,org.eclipse.mylyn.internal.tasks.ui.workingsets.TaskWorkingSetAdapterFactory
-1.0,-1.0,-1.0,-0.9999999999999999,-1.0,0.99,org.eclipse.mylyn.internal.tasks.ui.workingsets.TaskWorkingSetElementAdapter
-1.0,-1.0,-1.0,-0.9999999999999999,-1.0,0.99,org.eclipse.mylyn.internal.tasks.ui.workingsets.TaskWorkingSetElementFactory
-1.0,-1.0,-1.0,-0.9999999999999999,-1.0,0.99,org.eclipse.mylyn.internal.tasks.ui.workingsets.TaskWorkingSetPage
-1.0,-1.0,-1.0,-0.9999999999999999,-1.0,0.99,org.eclipse.mylyn.internal.tasks.ui.workingsets.TaskWorkingSetUpdater
-1.0,-1.0,-1.0,-0.9999999999999999,-1.0,0.99,org.eclipse.mylyn.internal.team.ccvs.CommitContextWizard
-1.0,-1.0,-1.0,-0.9999999999999999,-1.0,0.99,org.eclipse.mylyn.internal.team.ccvs.CvsActiveChangeSetProvider
-1.0,-1.0,-1.0,-0.9999999999999999,-1.0,0.99,org.eclipse.mylyn.internal.team.ccvs.CvsCommitWorkflowProvider
-1.0,-1.0,-1.0,-0.9999999999999999,-1.0,0.99,org.eclipse.mylyn.internal.team.ccvs.CvsLinkedTaskInfoAdapterFactory
-1.0,-1.0,-1.0,-0.9999999999999999,-1.0,0.99,org.eclipse.mylyn.internal.team.ui.AbstractCommitWorkflowProvider
-1.0,-1.0,-1.0,-0.9999999999999999,-1.0,0.99,org.eclipse.mylyn.internal.team.ui.ContextActiveChangeSetManager
-1.0,-1.0,-1.0,-0.9999999999999999,-1.0,0.99,org.eclipse.mylyn.internal.team.ui.ContextChangeSet
-1.0,-1.0,-1.0,-0.9999999999999999,-1.0,0.99,org.eclipse.mylyn.internal.team.ui.ContextChangeSetDecorator
-1.0,-1.0,-1.0,-0.9999999999999999,-1.0,0.99,org.eclipse.mylyn.internal.team.ui.FocusedTeamExtensionPointReader
-1.0,-1.0,-1.0,-0.9999999999999999,-1.0,0.99,org.eclipse.mylyn.internal.team.ui.FocusedTeamUiPlugin
-1.0,-1.0,-1.0,-0.9999999999999999,-1.0,0.99,org.eclipse.mylyn.internal.team.ui.LinkedTaskInfo
-1.0,-1.0,-1.0,-0.9999999999999999,-1.0,0.99,org.eclipse.mylyn.internal.team.ui.LinkedTaskInfoAdapterFactory
-1.0,-1.0,-1.0,-0.9999999999999999,-1.0,0.99,org.eclipse.mylyn.internal.team.ui.actions.AddToTaskContextAction
-1.0,-1.0,-1.0,-0.9999999999999999,-1.0,0.99,org.eclipse.mylyn.internal.team.ui.actions.ApplyPatchAction
-1.0,-1.0,-1.0,-0.9999999999999999,-1.0,0.99,org.eclipse.mylyn.internal.team.ui.actions.CommitContextAction
-1.0,-1.0,-1.0,-0.9999999999999999,-1.0,0.99,org.eclipse.mylyn.internal.team.ui.actions.OpenCorrespondingTaskAction
-1.0,-1.0,-1.0,-0.9999999999999999,-1.0,0.99,org.eclipse.mylyn.internal.team.ui.actions.TaskResourceMappingActionProvider
-1.0,-1.0,-1.0,-0.9999999999999999,-1.0,0.99,org.eclipse.mylyn.internal.team.ui.preferences.FocusedTeamPreferencePage
-1.0,-1.0,-1.0,-0.9999999999999999,-1.0,0.99,org.eclipse.mylyn.internal.team.ui.preferences.workaround.README
-1.0,-1.0,-1.0,-0.9999999999999999,-1.0,0.99,org.eclipse.mylyn.internal.team.ui.preferences.workaround.RegExContentProposalProvider
-1.0,-1.0,-1.0,-0.9999999999999999,-1.0,0.99,org.eclipse.mylyn.internal.team.ui.preferences.workaround.RegExMessages
-1.0,-1.0,-1.0,-0.9999999999999999,-1.0,0.99,org.eclipse.mylyn.internal.team.ui.templates.CommitTemplateManager
-1.0,-1.0,-1.0,-0.9999999999999999,-1.0,0.99,org.eclipse.mylyn.internal.team.ui.templates.CommitTemplateVariables
-1.0,-1.0,-1.0,-0.9999999999999999,-1.0,0.99,org.eclipse.mylyn.internal.team.ui.templates.TemplateHandlerContentProposalProvider
-1.0,-1.0,-1.0,-0.9999999999999999,-1.0,0.99,org.eclipse.mylyn.internal.trac.core.AbstractTracClient
-1.0,-1.0,-1.0,-0.9999999999999999,-1.0,0.99,org.eclipse.mylyn.internal.trac.core.ITracClient
-1.0,-1.0,-1.0,-0.9999999999999999,-1.0,0.99,org.eclipse.mylyn.internal.trac.core.InvalidTicketException
-1.0,-1.0,-1.0,-0.9999999999999999,-1.0,0.99,org.eclipse.mylyn.internal.trac.core.TracAttachmentHandler
-1.0,-1.0,-1.0,-0.9999999999999999,-1.0,0.99,org.eclipse.mylyn.internal.trac.core.TracAttributeFactory
-1.0,-1.0,-1.0,-0.9999999999999999,-1.0,0.99,org.eclipse.mylyn.internal.trac.core.TracClientData
-1.0,-1.0,-1.0,-0.9999999999999999,-1.0,0.99,org.eclipse.mylyn.internal.trac.core.TracClientFactory
-1.0,-1.0,-1.0,-0.9999999999999999,-1.0,0.99,org.eclipse.mylyn.internal.trac.core.TracClientManager
-1.0,-1.0,-1.0,-0.9999999999999999,-1.0,0.99,org.eclipse.mylyn.internal.trac.core.TracCorePlugin
-1.0,-1.0,-1.0,-0.9999999999999999,-1.0,0.99,org.eclipse.mylyn.internal.trac.core.TracException
-1.0,-1.0,-1.0,-0.9999999999999999,-1.0,0.99,org.eclipse.mylyn.internal.trac.core.TracLoginException
-1.0,-1.0,-1.0,-0.9999999999999999,-1.0,0.99,org.eclipse.mylyn.internal.trac.core.TracNoSuchMethodException
-1.0,-1.0,-1.0,-0.9999999999999999,-1.0,0.99,org.eclipse.mylyn.internal.trac.core.TracPermissionDeniedException
-1.0,-1.0,-1.0,-0.9999999999999999,-1.0,0.99,org.eclipse.mylyn.internal.trac.core.TracRemoteException
-1.0,-1.0,-1.0,-0.9999999999999999,-1.0,0.99,org.eclipse.mylyn.internal.trac.core.TracRepositoryConnector
-1.0,-1.0,-1.0,-0.9999999999999999,-1.0,0.99,org.eclipse.mylyn.internal.trac.core.TracRepositoryQuery
-1.0,-1.0,-1.0,-0.9999999999999999,-1.0,0.99,org.eclipse.mylyn.internal.trac.core.TracStatus
-1.0,-1.0,-1.0,-0.9999999999999999,-1.0,0.99,org.eclipse.mylyn.internal.trac.core.TracTask
-1.0,-1.0,-1.0,-0.9999999999999999,-1.0,0.99,org.eclipse.mylyn.internal.trac.core.TracTaskDataHandler
-1.0,-1.0,-1.0,-0.9999999999999999,-1.0,0.99,org.eclipse.mylyn.internal.trac.core.TracWebClient
-1.0,-1.0,-1.0,-0.9999999999999999,-1.0,0.99,org.eclipse.mylyn.internal.trac.core.TracXmlRpcClient
-1.0,-1.0,-1.0,-0.9999999999999999,-1.0,0.99,org.eclipse.mylyn.internal.trac.core.model.TracAttachment
-1.0,-1.0,-1.0,-0.9999999999999999,-1.0,0.99,org.eclipse.mylyn.internal.trac.core.model.TracAttribute
-1.0,-1.0,-1.0,-0.9999999999999999,-1.0,0.99,org.eclipse.mylyn.internal.trac.core.model.TracComment
-1.0,-1.0,-1.0,-0.9999999999999999,-1.0,0.99,org.eclipse.mylyn.internal.trac.core.model.TracComponent
-1.0,-1.0,-1.0,-0.9999999999999999,-1.0,0.99,org.eclipse.mylyn.internal.trac.core.model.TracMilestone
-1.0,-1.0,-1.0,-0.9999999999999999,-1.0,0.99,org.eclipse.mylyn.internal.trac.core.model.TracPriority
-1.0,-1.0,-1.0,-0.9999999999999999,-1.0,0.99,org.eclipse.mylyn.internal.trac.core.model.TracSearch
-1.0,-1.0,-1.0,-0.9999999999999999,-1.0,0.99,org.eclipse.mylyn.internal.trac.core.model.TracSearchFilter
-1.0,-1.0,-1.0,-0.9999999999999999,-1.0,0.99,org.eclipse.mylyn.internal.trac.core.model.TracSeverity
-1.0,-1.0,-1.0,-0.9999999999999999,-1.0,0.99,org.eclipse.mylyn.internal.trac.core.model.TracTicket
-1.0,-1.0,-1.0,-0.9999999999999999,-1.0,0.99,org.eclipse.mylyn.internal.trac.core.model.TracTicketAttribute
-1.0,-1.0,-1.0,-0.9999999999999999,-1.0,0.99,org.eclipse.mylyn.internal.trac.core.model.TracTicketField
-1.0,-1.0,-1.0,-0.9999999999999999,-1.0,0.99,org.eclipse.mylyn.internal.trac.core.model.TracTicketResolution
-1.0,-1.0,-1.0,-0.9999999999999999,-1.0,0.99,org.eclipse.mylyn.internal.trac.core.model.TracTicketStatus
-1.0,-1.0,-1.0,-0.9999999999999999,-1.0,0.99,org.eclipse.mylyn.internal.trac.core.model.TracTicketType
-1.0,-1.0,-1.0,-0.9999999999999999,-1.0,0.99,org.eclipse.mylyn.internal.trac.core.model.TracVersion
-1.0,-1.0,-1.0,-0.9999999999999999,-1.0,0.99,org.eclipse.mylyn.internal.trac.core.util.TracHttpClientTransportFactory
-1.0,-1.0,-1.0,-0.9999999999999999,-1.0,0.99,org.eclipse.mylyn.internal.trac.core.util.TracUtils
-1.0,-1.0,-1.0,-0.9999999999999999,-1.0,0.99,org.eclipse.mylyn.internal.trac.ui.TracConnectorUi
-1.0,-1.0,-1.0,-0.9999999999999999,-1.0,0.99,org.eclipse.mylyn.internal.trac.ui.TracHyperlinkUtil
-1.0,-1.0,-1.0,-0.9999999999999999,-1.0,0.99,org.eclipse.mylyn.internal.trac.ui.TracImages
-1.0,-1.0,-1.0,-0.9999999999999999,-1.0,0.99,org.eclipse.mylyn.internal.trac.ui.TracTaskListFactory
-1.0,-1.0,-1.0,-0.9999999999999999,-1.0,0.99,org.eclipse.mylyn.internal.trac.ui.TracUiPlugin
-1.0,-1.0,-1.0,-0.9999999999999999,-1.0,0.99,org.eclipse.mylyn.internal.trac.ui.editor.BrowserFormPage
-1.0,-1.0,-1.0,-0.9999999999999999,-1.0,0.99,org.eclipse.mylyn.internal.trac.ui.editor.NewTracTaskEditor
-1.0,-1.0,-1.0,-0.9999999999999999,-1.0,0.99,org.eclipse.mylyn.internal.trac.ui.editor.TracTaskEditor
-1.0,-1.0,-1.0,-0.9999999999999999,-1.0,0.99,org.eclipse.mylyn.internal.trac.ui.editor.TracTaskEditorFactory
-1.0,-1.0,-1.0,-0.9999999999999999,-1.0,0.99,org.eclipse.mylyn.internal.trac.ui.wizard.EditTracQueryWizard
-1.0,-1.0,-1.0,-0.9999999999999999,-1.0,0.99,org.eclipse.mylyn.internal.trac.ui.wizard.NewTracQueryWizard
-1.0,-1.0,-1.0,-0.9999999999999999,-1.0,0.99,org.eclipse.mylyn.internal.trac.ui.wizard.NewTracTaskPage
-1.0,-1.0,-1.0,-0.9999999999999999,-1.0,0.99,org.eclipse.mylyn.internal.trac.ui.wizard.NewTracTaskWizard
-1.0,-1.0,-1.0,-0.9999999999999999,-1.0,0.99,org.eclipse.mylyn.internal.trac.ui.wizard.TracCustomQueryPage
-1.0,-1.0,-1.0,-0.9999999999999999,-1.0,0.99,org.eclipse.mylyn.internal.trac.ui.wizard.TracQueryWizardPage
-1.0,-1.0,-1.0,-0.9999999999999999,-1.0,0.99,org.eclipse.mylyn.internal.trac.ui.wizard.TracRepositorySettingsPage
-1.0,-1.0,-1.0,-0.9999999999999999,-1.0,0.99,org.eclipse.mylyn.internal.web.ui.AbstractWebContextProvider
-1.0,-1.0,-1.0,-0.9999999999999999,-1.0,0.99,org.eclipse.mylyn.internal.web.ui.BrowserTracker
-1.0,-1.0,-1.0,-0.9999999999999999,-1.0,0.99,org.eclipse.mylyn.internal.web.ui.IMonitoredWebBrowserPart
-1.0,-1.0,-1.0,-0.9999999999999999,-1.0,0.99,org.eclipse.mylyn.internal.web.ui.IWebResourceListener
-1.0,-1.0,-1.0,-0.9999999999999999,-1.0,0.99,org.eclipse.mylyn.internal.web.ui.WebContextManager
-1.0,-1.0,-1.0,-0.9999999999999999,-1.0,0.99,org.eclipse.mylyn.internal.web.ui.WebImages
-1.0,-1.0,-1.0,-0.9999999999999999,-1.0,0.99,org.eclipse.mylyn.internal.web.ui.WebNavigatorLabelProvider
-1.0,-1.0,-1.0,-0.9999999999999999,-1.0,0.99,org.eclipse.mylyn.internal.web.ui.WebPage
-1.0,-1.0,-1.0,-0.9999999999999999,-1.0,0.99,org.eclipse.mylyn.internal.web.ui.WebResource
-1.0,-1.0,-1.0,-0.9999999999999999,-1.0,0.99,org.eclipse.mylyn.internal.web.ui.WebResourceContentProvider
-1.0,-1.0,-1.0,-0.9999999999999999,-1.0,0.99,org.eclipse.mylyn.internal.web.ui.WebResourceStructureBridge
-1.0,-1.0,-1.0,-0.9999999999999999,-1.0,0.99,org.eclipse.mylyn.internal.web.ui.WebResourceUiBridge
-1.0,-1.0,-1.0,-0.9999999999999999,-1.0,0.99,org.eclipse.mylyn.internal.web.ui.WebRoot
-1.0,-1.0,-1.0,-0.9999999999999999,-1.0,0.99,org.eclipse.mylyn.internal.web.ui.WebSite
-1.0,-1.0,-1.0,-0.9999999999999999,-1.0,0.99,org.eclipse.mylyn.internal.web.ui.WebSiteNavigatorActionProvider
-1.0,-1.0,-1.0,-0.9999999999999999,-1.0,0.99,org.eclipse.mylyn.internal.web.ui.WebUiBridgePlugin
-1.0,-1.0,-1.0,-0.9999999999999999,-1.0,0.99,org.eclipse.mylyn.internal.web.ui.WebUiUtil
-1.0,-1.0,-1.0,-0.9999999999999999,-1.0,0.99,org.eclipse.mylyn.internal.web.ui.actions.OpenWebResourceAction
-1.0,-1.0,-1.0,-0.9999999999999999,-1.0,0.99,org.eclipse.mylyn.monitor.core.AbstractMonitorLog
-1.0,-1.0,-1.0,-0.9999999999999999,-1.0,0.99,org.eclipse.mylyn.monitor.core.ActivityTimerThread
-1.0,-1.0,-1.0,-0.9999999999999999,-1.0,0.99,org.eclipse.mylyn.monitor.core.DateUtil
-1.0,-1.0,-1.0,-0.9999999999999999,-1.0,0.99,org.eclipse.mylyn.monitor.core.IActivityTimerListener
-1.0,-1.0,-1.0,-0.9999999999999999,-1.0,0.99,org.eclipse.mylyn.monitor.core.IInteractionEventListener
-1.0,-1.0,-1.0,-0.9999999999999999,-1.0,0.99,org.eclipse.mylyn.monitor.core.InteractionEvent
-1.0,-1.0,-1.0,-0.9999999999999999,-1.0,0.99,org.eclipse.mylyn.monitor.core.StatusHandler
-1.0,-1.0,-1.0,-0.9999999999999999,-1.0,0.99,org.eclipse.mylyn.monitor.ui.AbstractCommandMonitor
-1.0,-1.0,-1.0,-0.9999999999999999,-1.0,0.99,org.eclipse.mylyn.monitor.ui.AbstractEditorTracker
-1.0,-1.0,-1.0,-0.9999999999999999,-1.0,0.99,org.eclipse.mylyn.monitor.ui.AbstractPartTracker
-1.0,-1.0,-1.0,-0.9999999999999999,-1.0,0.99,org.eclipse.mylyn.monitor.ui.AbstractUserActivityMonitor
-1.0,-1.0,-1.0,-0.9999999999999999,-1.0,0.99,org.eclipse.mylyn.monitor.ui.AbstractUserInteractionMonitor
-1.0,-1.0,-1.0,-0.9999999999999999,-1.0,0.99,org.eclipse.mylyn.monitor.ui.IActionExecutionListener
-1.0,-1.0,-1.0,-0.9999999999999999,-1.0,0.99,org.eclipse.mylyn.monitor.ui.IMylarMonitorLifecycleListener
-1.0,-1.0,-1.0,-0.9999999999999999,-1.0,0.99,org.eclipse.mylyn.monitor.ui.IUserAttentionListener
-1.0,-1.0,-1.0,-0.9999999999999999,-1.0,0.99,org.eclipse.mylyn.monitor.ui.MonitorUiPlugin
-1.0,-1.0,-1.0,-0.9999999999999999,-1.0,0.99,org.eclipse.mylyn.resources.ResourcesUiBridgePlugin
-1.0,-1.0,-1.0,-0.9999999999999999,-1.0,0.99,org.eclipse.mylyn.tasks.core.AbstractAttachmentHandler
-1.0,-1.0,-1.0,-0.9999999999999999,-1.0,0.99,org.eclipse.mylyn.tasks.core.AbstractAttributeFactory
-1.0,-1.0,-1.0,-0.9999999999999999,-1.0,0.99,org.eclipse.mylyn.tasks.core.AbstractRepositoryConnector
-1.0,-1.0,-1.0,-0.9999999999999999,-1.0,0.99,org.eclipse.mylyn.tasks.core.AbstractRepositoryQuery
-1.0,-1.0,-1.0,-0.9999999999999999,-1.0,0.99,org.eclipse.mylyn.tasks.core.AbstractTask
-1.0,-1.0,-1.0,-0.9999999999999999,-1.0,0.99,org.eclipse.mylyn.tasks.core.AbstractTaskCategory
-1.0,-1.0,-1.0,-0.9999999999999999,-1.0,0.99,org.eclipse.mylyn.tasks.core.AbstractTaskContainer
-1.0,-1.0,-1.0,-0.9999999999999999,-1.0,0.99,org.eclipse.mylyn.tasks.core.AbstractTaskDataHandler
-1.0,-1.0,-1.0,-0.9999999999999999,-1.0,0.99,org.eclipse.mylyn.tasks.core.AbstractTaskListFactory
-1.0,-1.0,-1.0,-0.9999999999999999,-1.0,0.99,org.eclipse.mylyn.tasks.core.AttributeContainer
-1.0,-1.0,-1.0,-0.9999999999999999,-1.0,0.99,org.eclipse.mylyn.tasks.core.FileAttachment
-1.0,-1.0,-1.0,-0.9999999999999999,-1.0,0.99,org.eclipse.mylyn.tasks.core.ILinkedTaskInfo
-1.0,-1.0,-1.0,-0.9999999999999999,-1.0,0.99,org.eclipse.mylyn.tasks.core.ITaskActivityListener
-1.0,-1.0,-1.0,-0.9999999999999999,-1.0,0.99,org.eclipse.mylyn.tasks.core.ITaskAttachment
-1.0,-1.0,-1.0,-0.9999999999999999,-1.0,0.99,org.eclipse.mylyn.tasks.core.ITaskCollector
-1.0,-1.0,-1.0,-0.9999999999999999,-1.0,0.99,org.eclipse.mylyn.tasks.core.ITaskFactory
-1.0,-1.0,-1.0,-0.9999999999999999,-1.0,0.99,org.eclipse.mylyn.tasks.core.ITaskListChangeListener
-1.0,-1.0,-1.0,-0.9999999999999999,-1.0,0.99,org.eclipse.mylyn.tasks.core.ITaskRepositoryListener
-1.0,-1.0,-1.0,-0.9999999999999999,-1.0,0.99,org.eclipse.mylyn.tasks.core.QueryHitCollector
-1.0,-1.0,-1.0,-0.9999999999999999,-1.0,0.99,org.eclipse.mylyn.tasks.core.RepositoryAttachment
-1.0,-1.0,-1.0,-0.9999999999999999,-1.0,0.99,org.eclipse.mylyn.tasks.core.RepositoryOperation
-1.0,-1.0,-1.0,-0.9999999999999999,-1.0,0.99,org.eclipse.mylyn.tasks.core.RepositoryStatus
-1.0,-1.0,-1.0,-0.9999999999999999,-1.0,0.99,org.eclipse.mylyn.tasks.core.RepositoryTaskAttribute
-1.0,-1.0,-1.0,-0.9999999999999999,-1.0,0.99,org.eclipse.mylyn.tasks.core.RepositoryTaskData
-1.0,-1.0,-1.0,-0.9999999999999999,-1.0,0.99,org.eclipse.mylyn.tasks.core.RepositoryTemplate
-1.0,-1.0,-1.0,-0.9999999999999999,-1.0,0.99,org.eclipse.mylyn.tasks.core.TaskComment
-1.0,-1.0,-1.0,-0.9999999999999999,-1.0,0.99,org.eclipse.mylyn.tasks.core.TaskContainerDelta
-1.0,-1.0,-1.0,-0.9999999999999999,-1.0,0.99,org.eclipse.mylyn.tasks.core.TaskList
-1.0,-1.0,-1.0,-0.9999999999999999,-1.0,0.99,org.eclipse.mylyn.tasks.core.TaskRepository
-1.0,-1.0,-1.0,-0.9999999999999999,-1.0,0.99,org.eclipse.mylyn.tasks.core.TaskRepositoryManager
-1.0,-1.0,-1.0,-0.9999999999999999,-1.0,0.99,org.eclipse.mylyn.tasks.ui.AbstractDuplicateDetector
-1.0,-1.0,-1.0,-0.9999999999999999,-1.0,0.99,org.eclipse.mylyn.tasks.ui.AbstractRepositoryConnectorUi
-1.0,-1.0,-1.0,-0.9999999999999999,-1.0,0.99,org.eclipse.mylyn.tasks.ui.AbstractTaskRepositoryLinkProvider
-1.0,-1.0,-1.0,-0.9999999999999999,-1.0,0.99,org.eclipse.mylyn.tasks.ui.DatePicker
-1.0,-1.0,-1.0,-0.9999999999999999,-1.0,0.99,org.eclipse.mylyn.tasks.ui.RepositorySynchronizationManager
-1.0,-1.0,-1.0,-0.9999999999999999,-1.0,0.99,org.eclipse.mylyn.tasks.ui.SynchronizeQueryJob
-1.0,-1.0,-1.0,-0.9999999999999999,-1.0,0.99,org.eclipse.mylyn.tasks.ui.SynchronizeTaskJob
-1.0,-1.0,-1.0,-0.9999999999999999,-1.0,0.99,org.eclipse.mylyn.tasks.ui.TaskFactory
-1.0,-1.0,-1.0,-0.9999999999999999,-1.0,0.99,org.eclipse.mylyn.tasks.ui.TaskHyperlink
-1.0,-1.0,-1.0,-0.9999999999999999,-1.0,0.99,org.eclipse.mylyn.tasks.ui.TaskListManager
-1.0,-1.0,-1.0,-0.9999999999999999,-1.0,0.99,org.eclipse.mylyn.tasks.ui.TasksUiPlugin
-1.0,-1.0,-1.0,-0.9999999999999999,-1.0,0.99,org.eclipse.mylyn.tasks.ui.TasksUiUtil
-1.0,-1.0,-1.0,-0.9999999999999999,-1.0,0.99,org.eclipse.mylyn.tasks.ui.WebHyperlink
-1.0,-1.0,-1.0,-0.9999999999999999,-1.0,0.99,org.eclipse.mylyn.tasks.ui.editors.AbstractNewRepositoryTaskEditor
-1.0,-1.0,-1.0,-0.9999999999999999,-1.0,0.99,org.eclipse.mylyn.tasks.ui.editors.AbstractRepositoryTaskEditor
-1.0,-1.0,-1.0,-0.9999999999999999,-1.0,0.99,org.eclipse.mylyn.tasks.ui.editors.AbstractRepositoryTaskEditor$37$1$1
-1.0,-1.0,-1.0,-0.9999999999999999,-1.0,0.99,org.eclipse.mylyn.tasks.ui.editors.AbstractRepositoryTaskEditorInput
-1.0,-1.0,-1.0,-0.9999999999999999,-1.0,0.99,org.eclipse.mylyn.tasks.ui.editors.AbstractTaskEditorFactory
-1.0,-1.0,-1.0,-0.9999999999999999,-1.0,0.99,org.eclipse.mylyn.tasks.ui.editors.NewTaskEditorInput
-1.0,-1.0,-1.0,-0.9999999999999999,-1.0,0.99,org.eclipse.mylyn.tasks.ui.editors.RepositoryTaskEditorDropListener
-1.0,-1.0,-1.0,-0.9999999999999999,-1.0,0.99,org.eclipse.mylyn.tasks.ui.editors.RepositoryTaskEditorInput
-1.0,-1.0,-1.0,-0.9999999999999999,-1.0,0.99,org.eclipse.mylyn.tasks.ui.editors.TaskEditor
-1.0,-1.0,-1.0,-0.9999999999999999,-1.0,0.99,org.eclipse.mylyn.tasks.ui.editors.TaskEditorInput
-1.0,-1.0,-1.0,-0.9999999999999999,-1.0,0.99,org.eclipse.mylyn.tasks.ui.editors.TaskFormPage
-1.0,-1.0,-1.0,-0.9999999999999999,-1.0,0.99,org.eclipse.mylyn.tasks.ui.search.AbstractRepositoryQueryPage
-1.0,-1.0,-1.0,-0.9999999999999999,-1.0,0.99,org.eclipse.mylyn.tasks.ui.search.RepositorySearchResult
-1.0,-1.0,-1.0,-0.9999999999999999,-1.0,0.99,org.eclipse.mylyn.tasks.ui.search.SearchHitCollector
-1.0,-1.0,-1.0,-0.9999999999999999,-1.0,0.99,org.eclipse.mylyn.tasks.ui.wizards.AbstractEditQueryWizard
-1.0,-1.0,-1.0,-0.9999999999999999,-1.0,0.99,org.eclipse.mylyn.tasks.ui.wizards.AbstractRepositorySettingsPage
-1.0,-1.0,-1.0,-0.9999999999999999,-1.0,0.99,org.eclipse.mylyn.tasks.ui.wizards.NewTaskWizard
-1.0,-1.0,-1.0,-0.9999999999999999,-1.0,0.99,org.eclipse.mylyn.tasks.ui.wizards.NewWebTaskWizard
-1.0,-1.0,-1.0,-0.9999999999999999,-1.0,0.99,org.eclipse.mylyn.team.ui.AbstractActiveChangeSetProvider
-1.0,-1.0,-1.0,-0.9999999999999999,-1.0,0.99,org.eclipse.mylyn.team.ui.AbstractCommitTemplateVariable
-1.0,-1.0,-1.0,-0.9999999999999999,-1.0,0.99,org.eclipse.mylyn.team.ui.AbstractContextChangeSetManager
-1.0,-1.0,-1.0,-0.9999999999999999,-1.0,0.99,org.eclipse.mylyn.web.core.AuthenticatedProxy
-1.0,-1.0,-1.0,-0.9999999999999999,-1.0,0.99,org.eclipse.mylyn.web.core.HtmlStreamTokenizer
-1.0,-1.0,-1.0,-0.9999999999999999,-1.0,0.99,org.eclipse.mylyn.web.core.HtmlTag
-1.0,-1.0,-1.0,-0.9999999999999999,-1.0,0.99,org.eclipse.mylyn.web.core.SslProtocolSocketFactory
-1.0,-1.0,-1.0,-0.9999999999999999,-1.0,0.99,org.eclipse.mylyn.web.core.TrustAllTrustManager
-1.0,-1.0,-1.0,-0.9999999999999999,-1.0,0.99,org.eclipse.mylyn.web.core.WebClientUtil
-1.0,-1.0,-1.0,-0.9999999999999999,-1.0,0.99,org.eclipse.mylyn.web.core.WebCorePlugin
-1.0,-1.0,-1.0,-0.9999999999999999,-1.0,0.99,org.eclipse.mylyn.web.core.XmlUtil
Effectiveness,Extendibility,Flexibility,Functionality,Reusability,Understandability,Entities
1.1615175015719976,-24.096206246070007,-11.5,377.41999999999996,824.5,-571.0141961852862,org.eclipse.mylyn.context.core.AbstractContextStore
3.12375526380976,0.8093881595243992,3.5,381.59999999999997,839.0,-564.0841961852861,org.eclipse.mylyn.context.core.AbstractContextStructureBridge
2.4942098092643055,-57.26447547683924,-25.75,382.03999999999996,814.75,-603.0241961852862,org.eclipse.mylyn.context.core.AbstractRelationProvider
1.6601189001733965,-159.75879365865742,-77.04545454545455,378.29999999999995,761.0,-662.4841961852861,org.eclipse.mylyn.context.core.ContextCorePlugin
0.26920980926430516,-3.326975476839237,-2.0,375.32,832.5,-553.8541961852861,org.eclipse.mylyn.context.core.IContextStoreListener
1.8692098092643052,4.6730245231607626,4.0,378.61999999999995,838.0,-556.1641961852862,org.eclipse.mylyn.context.core.IDegreeOfInterest
0.6692098092643052,1.673024523160763,1.0,375.97999999999996,835.0,-552.2041961852862,org.eclipse.mylyn.context.core.IDegreeOfSeparation
0.26920980926430516,0.6730245231607629,0.0,375.09999999999997,834.0,-550.8841961852862,org.eclipse.mylyn.context.core.IImplicitlyIntersting
1.8692098092643052,4.6730245231607626,4.0,378.61999999999995,838.0,-556.1641961852862,org.eclipse.mylyn.context.core.IInteractionContext
1.8692098092643052,2.673024523160763,3.0,378.61999999999995,837.0,-557.4841961852861,org.eclipse.mylyn.context.core.IInteractionContextListener
0.46920980926430517,1.173024523160763,0.5,375.53999999999996,834.5,-551.5441961852862,org.eclipse.mylyn.context.core.IInteractionContextReader
0.6692098092643052,1.673024523160763,1.0,375.97999999999996,835.0,-552.2041961852862,org.eclipse.mylyn.context.core.IInteractionContextWriter
1.5192098092643054,3.798024523160763,3.0,377.73999999999995,837.0,-554.8441961852861,org.eclipse.mylyn.context.core.IInteractionElement
0.6692098092643052,1.673024523160763,1.0,375.97999999999996,835.0,-552.2041961852862,org.eclipse.mylyn.context.core.IInteractionObject
1.1358764759309719,2.8396911898274295,2.0,376.85999999999996,836.0,-553.5241961852862,org.eclipse.mylyn.context.core.IInteractionRelation
0.4192098092643052,1.048024523160763,0.0,375.65999999999997,835.25,-551.2141961852861,org.eclipse.mylyn.context.core.InterestComparator
0.4192098092643052,-3.9519754768392374,-2.5,377.64,837.25,-557.8141961852862,org.eclipse.mylyn.context.ui.AbstractAutoFocusViewAction
1.7549240949785911,4.387310237446477,3.5,378.4,838.0,-555.8341961852861,org.eclipse.mylyn.context.ui.AbstractContextUiBridge
3.9157299557844523,-82.17221357207734,-35.76923076923077,381.37999999999994,797.75,-622.5195808006708,org.eclipse.mylyn.context.ui.AbstractFocusViewAction
2.696660789656462,-239.75834802585885,-114.5,380.93999999999994,727.0,-723.4741961852861,org.eclipse.mylyn.context.ui.ContextUiPlugin
0.8692098092643052,-6.3269754768392374,-2.75,376.76,832.75,-559.1341961852862,org.eclipse.mylyn.context.ui.InterestFilter
0.7192098092643052,-3.201975476839237,-1.25,375.65999999999997,833.25,-553.8541961852861,org.eclipse.mylyn.context.ui.InterestSorter
0.7525431425976384,-29.451975476839237,-14.583333333333334,375.43999999999994,819.5,-571.1241961852861,org.eclipse.mylyn.internal.bugzilla.core.AbstractReportFactory
0.7892098092643052,-45.52697547683924,-22.5,375.97999999999996,812.75,-582.5641961852862,org.eclipse.mylyn.internal.bugzilla.core.AttachmentPartSource
0.7955255987379894,-40.511186003155025,-20.0,376.76,817.0,-579.9241961852862,org.eclipse.mylyn.internal.bugzilla.core.BugzillaAttachmentHandler
0.7483306883851844,-51.05774470760847,-25.285714285714285,376.53999999999996,811.25,-586.571339042429,org.eclipse.mylyn.internal.bugzilla.core.BugzillaAttributeFactory
1.4965140365685325,-732.2458943957582,-363.7564102564103,379.61999999999995,477.75,-1044.2426577237477,org.eclipse.mylyn.internal.bugzilla.core.BugzillaClient
0.40254314259763846,0.0063578564940962035,-0.5,375.87999999999994,835.25,-552.2041961852862,org.eclipse.mylyn.internal.bugzilla.core.BugzillaClientFactory
0.5692098092643052,-20.076975476839237,-10.25,376.53999999999996,826.75,-566.0641961852862,org.eclipse.mylyn.internal.bugzilla.core.BugzillaClientManager
1.0577812378357336,-170.25554690541065,-83.8,378.52,756.25,-669.0901961852861,org.eclipse.mylyn.internal.bugzilla.core.BugzillaCorePlugin
0.4225431425976385,-1.4936421435059037,-1.225,375.09999999999997,832.75,-553.1611961852861,org.eclipse.mylyn.internal.bugzilla.core.BugzillaMessages
14.349765364819861,-778.6603088101726,-354.7326388888889,376.53999999999996,447.5,-1068.3012795186196,org.eclipse.mylyn.internal.bugzilla.core.BugzillaReportElement
1.158098698153194,-164.604753254617,-81.0,380.28,763.0,-667.7041961852862,org.eclipse.mylyn.internal.bugzilla.core.BugzillaRepositoryConnector
0.70829026903442,-84.39594099408062,-42.166666666666664,376.09999999999997,793.5,-608.1941961852862,org.eclipse.mylyn.internal.bugzilla.core.BugzillaRepositoryQuery
0.5237552638097597,-134.1906118404756,-67.25,376.97999999999996,770.75,-641.9641961852861,org.eclipse.mylyn.internal.bugzilla.core.BugzillaStatus
0.6438576965882488,-55.89035575852938,-28.25,377.2,810.25,-590.8141961852862,org.eclipse.mylyn.internal.bugzilla.core.BugzillaTask
1.3292098092643052,-133.67697547683923,-65.0,377.41999999999996,772.0,-643.6141961852861,org.eclipse.mylyn.internal.bugzilla.core.BugzillaTaskDataHandler
0.6692098092643052,0.6730245231607629,1.0,375.09999999999997,834.0,-551.2141961852861,org.eclipse.mylyn.internal.bugzilla.core.IBugzillaConstants
0.8092098092643052,-5.476975476839238,-2.5,375.65999999999997,832.0,-555.5041961852861,org.eclipse.mylyn.internal.bugzilla.core.MultiBugReportFactory
0.8992098092643053,-257.7519754768392,-128.0,382.47999999999996,721.5,-732.0541961852862,org.eclipse.mylyn.internal.bugzilla.core.RepositoryConfiguration
0.4247653648198607,-0.9380865879503482,-1.0,375.53999999999996,834.0,-552.8641961852861,org.eclipse.mylyn.internal.bugzilla.core.RepositoryConfigurationFactory
0.4247653648198607,0.5619134120496518,-0.25,375.65999999999997,835.0,-551.5441961852862,org.eclipse.mylyn.internal.bugzilla.core.RepositoryQueryResultsFactory
0.8092098092643052,-10.476975476839238,-5.0,375.65999999999997,829.5,-558.8041961852862,org.eclipse.mylyn.internal.bugzilla.core.RepositoryReportFactory
1.6892098092643053,-309.7769754768392,-152.0,376.76,682.5,-758.1241961852861,org.eclipse.mylyn.internal.bugzilla.core.SaxBugReportContentHandler
0.9025431425976386,-351.7436421435059,-175.0,376.09999999999997,660.0,-784.5241961852862,org.eclipse.mylyn.internal.bugzilla.core.SaxBugzillaQueryContentHandler
5.069209809264306,-203.82697547683924,-90.5,376.53999999999996,735.0,-687.5041961852861,org.eclipse.mylyn.internal.bugzilla.core.SaxConfigurationContentHandler
1.6914320314865274,-396.27141992128367,-195.25,376.53999999999996,638.75,-814.8841961852862,org.eclipse.mylyn.internal.bugzilla.core.SaxMultiBugReportContentHandler
0.8292098092643052,1.073024523160763,0.75,375.32,834.5,-550.8841961852862,org.eclipse.mylyn.internal.bugzilla.core.UnrecognizedReponseException
0.4192098092643052,-5.9519754768392374,-3.5,375.65999999999997,831.75,-555.8341961852861,org.eclipse.mylyn.internal.bugzilla.core.XmlCleaner
0.7358764759309719,-10.410308810172571,-5.125,375.76,829.75,-559.2991961852862,org.eclipse.mylyn.internal.bugzilla.core.history.AssignmentEvent
0.9596445918730009,-129.5008885203175,-64.05,376.76,772.5,-639.0601961852861,org.eclipse.mylyn.internal.bugzilla.core.history.AttachmentEvent
1.1803209203754164,-24.04919769906146,-10.75,375.97999999999996,823.5,-568.3741961852861,org.eclipse.mylyn.internal.bugzilla.core.history.AttachmentFlag
1.6225431425976389,-43.52697547683924,-19.208333333333332,375.65999999999997,813.0,-581.1891961852862,org.eclipse.mylyn.internal.bugzilla.core.history.AttachmentFlagState
3.004594424648921,-63.02697547683924,-25.48076923076923,375.65999999999997,803.25,-594.0888115699015,org.eclipse.mylyn.internal.bugzilla.core.history.AttachmentFlagStatus
0.5783007183552142,-76.55424820411197,-38.5,375.65999999999997,796.5,-603.0241961852862,org.eclipse.mylyn.internal.bugzilla.core.history.BugzillaTaskHistoryParser
0.9604378794397438,-14.432238634733974,-6.583333333333333,375.97999999999996,828.25,-562.2141961852861,org.eclipse.mylyn.internal.bugzilla.core.history.ResolutionEvent
5.386300718355215,-67.05424820411197,-21.490000000000002,375.87999999999994,801.75,-597.0709961852862,org.eclipse.mylyn.internal.bugzilla.core.history.ResolutionType
0.9692098092643051,-14.410308810172571,-6.583333333333333,375.76,827.75,-561.8841961852862,org.eclipse.mylyn.internal.bugzilla.core.history.StatusEvent
4.787391627446124,-64.05424820411197,-21.488636363636367,375.87999999999994,803.25,-595.0891961852861,org.eclipse.mylyn.internal.bugzilla.core.history.StatusType
0.7317098092643052,-11.170725476839237,-5.25,377.41999999999996,833.25,-561.7741961852862,org.eclipse.mylyn.internal.bugzilla.core.history.TaskHistory
0.9113150724221999,-63.2217123189445,-31.0,378.08,808.0,-598.0741961852862,org.eclipse.mylyn.internal.bugzilla.core.history.TaskRevision
0.6328461729006688,-8.41788456774833,-4.5,375.65999999999997,830.5,-557.1541961852862,org.eclipse.mylyn.internal.bugzilla.ide.StackTraceDuplicateDetector
0.4692098092643051,-64.07697547683924,-32.375,376.53999999999996,804.75,-595.2691961852862,org.eclipse.mylyn.internal.bugzilla.ide.actions.NewTaskFromErrorAction
0.38920980926430515,-1.526975476839237,-1.25,375.32,833.25,-553.1941961852862,org.eclipse.mylyn.internal.bugzilla.ui.BugzillaAuthenticator
0.6692098092643052,-6.3269754768392374,-2.75,376.97999999999996,834.75,-557.8141961852862,org.eclipse.mylyn.internal.bugzilla.ui.BugzillaCompareInput
0.49920980926430514,-28.751975476839238,-14.5,378.73999999999995,827.5,-575.3041961852862,org.eclipse.mylyn.internal.bugzilla.ui.BugzillaCompareNode
0.3601189001733961,-2.09970274956651,-1.5,376.53999999999996,835.75,-554.5141961852862,org.eclipse.mylyn.internal.bugzilla.ui.BugzillaCompareStructureCreator
0.39420980926430516,-50.07697547683924,-25.46875,375.65999999999997,809.75,-586.1529461852862,org.eclipse.mylyn.internal.bugzilla.ui.BugzillaImages
0.7534203355800946,-101.14276495052344,-49.98684210526316,377.2,787.75,-621.8168277642335,org.eclipse.mylyn.internal.bugzilla.ui.BugzillaUiPlugin
1.1962953997301775,-466.8938768852899,-232.30769230769232,375.65999999999997,601.25,-865.4503500314399,org.eclipse.mylyn.internal.bugzilla.ui.editor.BugzillaTaskEditor
0.4492098092643052,1.123024523160763,0.0,375.32,834.5,-551.2141961852861,org.eclipse.mylyn.internal.bugzilla.ui.editor.DummySearchHitProvider
1.0974451033819523,-214.35638724154512,-106.2,376.09999999999997,728.5,-695.3581961852861,org.eclipse.mylyn.internal.bugzilla.ui.editor.NewBugzillaTaskEditor
1.9262021464290562,